2025_rank_impact,2024_rank_impact,2023_rank_impact,2025_rank_country,2024_rank_country,2023_rank_country,2025_hours_rank,2024_hours_rank,2023_hours_rank,country_code,country,urban_area,region,2025 Delay,2024_delay,hours_saved,delay_precovid_percent,delay_change_percent,cost_per_driver,peak_2023,peak_2024,peak_2025,opeak_2023,opeak_2024,opeak_2025,lastmile_2023,lastmile_2024,lastmile_2025,2019_cpd,dvmt,bike,transit
1,1,6,1,1,1,1,1,6,TUR,Turkey,Istanbul,Asia,118,105,,0.3,0.12,,22,21,21,40,40,40,13,13,13,,,,
2,4,2,1,1,1,3,5,4,MEX,Mexico,Mexico City,Americas,108,97,,0.13,0.11,,15,15,16,29,29,28,12,12,11,,,,
3,3,5,1,2,2,2,3,5,USA,United States,Chicago IL,Americas,112,102,,0.17,0.1,2062.94,21,20,21,43,43,42,11,10,9,,,,
4,2,1,2,1,1,4,2,1,USA,United States,New York City NY,Americas,102,102,,0.01,0,1878.75,15,15,15,30,30,30,11,11,11,,,,
5,13,13,3,5,6,5,13,16,USA,United States,Philadelphia PA,Americas,101,77,,0.46,0.31,1860.33,21,20,23,36,36,35,11,10,10,,,,
6,9,9,1,1,1,6,7,9,ZAF,South Africa,Cape Town,Africa,96,94,,0.16,0.02,,20,19,20,39,39,39,12,11,11,,,,
7,5,3,1,1,1,8,4,2,GBR,United Kingdom,London,Europe,91,101,,-0.08,-0.1,1252.16,15,15,18,25,25,26,10,11,11,,,,
8,6,4,1,1,1,9,6,3,FRA,France,Paris,Europe,90,97,,-0.07,-0.07,,19,19,21,35,35,35,10,11,11,,,,
9,7,10,1,1,1,11,8,20,IDN,Indonesia,Jakarta,Asia,83,89,,0.28,-0.07,,21,19,21,29,29,28,16,11,11,,,,
10,8,7,4,3,3,10,9,7,USA,United States,Los Angeles CA,Americas,87,88,,-0.02,-0.01,1602.46,21,21,24,44,44,44,19,18,17,,,,
11,15,16,1,1,1,7,11,12,IRL,Ireland,Dublin,Europe,95,81,,0.32,0.17,,24,23,23,40,40,40,12,11,11,,,,
12,12,8,5,4,4,12,12,8,USA,United States,Boston MA,Americas,83,79,,-0.06,0.05,1528.79,19,20,21,39,39,38,10,10,10,,,,
13,11,14,1,1,1,15,14,23,THA,Thailand,Bangkok,Asia,76,74,,0.21,0.03,,17,16,16,32,32,32,13,12,12,,,,
14,10,12,1,1,1,13,10,10,AUS,Australia,Brisbane,Oceania,81,84,,0.09,-0.04,,22,21,23,38,38,38,19,17,18,,,,
15,14,11,6,6,5,16,15,14,USA,United States,Miami FL,Americas,75,74,,0.07,0.01,1381.43,26,25,28,52,52,50,14,14,14,,,,
16,19,21,7,8,9,17,23,30,USA,United States,Atlanta GA,Americas,75,65,,0.23,0.15,1381.43,29,28,29,50,50,49,16,15,14,,,,
17,16,15,1,1,1,14,17,15,ITA,Italy,Rome,Europe,76,71,,0.1,0.07,,21,21,22,36,36,36,13,13,13,,,,
18,17,19,8,7,8,21,22,29,USA,United States,Houston TX,Americas,70,66,,0.13,0.06,1289.34,32,30,32,52,52,51,17,16,14,,,,
19,22,18,9,9,7,22,33,24,USA,United States,Washington DC,Americas,70,62,,0.11,0.13,1289.34,25,25,26,42,42,42,11,11,11,,,,
20,28,32,2,2,2,20,37,55,TUR,Turkey,Ankara,Asia,71,60,,0.27,0.18,,26,25,25,41,41,41,19,18,17,,,,
21,67,59,3,3,3,18,104,93,TUR,Turkey,Izmir,Asia,72,47,,0.5,0.53,,31,31,30,42,42,41,16,17,16,,,,
22,23,27,10,10,10,25,28,45,USA,United States,Seattle WA,Americas,68,63,,0.17,0.08,1252.5,27,25,27,44,44,43,17,15,14,,,,
23,21,22,2,2,2,29,24,27,AUS,Australia,Melbourne,Oceania,66,65,,0.06,0.02,,22,22,22,35,35,34,15,14,13,,,,
24,24,25,2,2,2,28,26,36,ITA,Italy,Milan,Europe,67,64,,0.12,0.05,,22,22,24,36,36,36,14,14,14,,,,
25,18,20,1,1,1,19,16,17,BEL,Belgium,Brussels,Europe,71,74,,0.04,-0.04,,23,22,24,38,38,39,10,10,10,,,,
26,35,35,11,12,11,26,45,47,USA,United States,San Juan,Americas,68,58,,0.19,0.17,1252.5,26,26,27,44,44,43,20,19,18,,,,
27,30,31,1,1,1,24,31,37,NZL,New Zealand,Auckland,Oceania,68,63,,0.13,0.08,,25,24,23,41,41,41,18,17,16,,,,
28,32,30,1,2,2,36,43,46,CAN,Canada,Montreal QC,Americas,63,58,,0.11,0.09,,23,22,24,38,38,37,13,12,11,,,,
29,31,26,2,2,2,52,55,58,ZAF,South Africa,Johannesburg,Africa,59,55,,0.07,0.07,,25,25,25,39,39,39,13,12,12,,,,
30,27,39,12,11,12,31,30,51,USA,United States,Nashville TN,Americas,65,63,,0.16,0.03,1197.24,30,29,30,48,48,48,20,19,19,,,,
31,62,81,13,13,14,40,96,123,USA,United States,Baltimore MD,Americas,63,48,,0.43,0.31,1160.4,28,27,30,39,39,39,13,12,12,,,,
32,49,68,1,4,4,27,52,81,DEU,Germany,Cologne,Europe,67,56,,0.34,0.2,918.57,30,29,29,42,42,42,16,16,16,,,,
33,46,66,2,2,4,30,58,86,MEX,Mexico,Guadalajara,Americas,65,55,,0.33,0.18,,18,17,18,26,26,26,17,16,16,,,,
34,25,17,2,1,1,50,34,22,CAN,Canada,Toronto ON,Americas,59,61,,-0.06,-0.03,,25,26,26,44,44,43,11,10,10,,,,
35,20,28,1,1,1,33,18,32,POL,Poland,Warsaw,Europe,64,70,,0.05,-0.09,,20,19,18,33,33,33,16,14,15,,,,
36,33,33,2,1,1,43,44,57,DEU,Germany,Berlin,Europe,60,58,,0.09,0.03,822.6,21,20,20,32,32,32,14,13,13,,,,
37,72,92,4,4,4,35,98,127,TUR,Turkey,Bursa,Asia,64,48,,0.49,0.33,,29,29,30,41,41,40,17,17,16,,,,
38,26,23,1,1,1,47,29,25,NLD,Netherlands,Rotterdam,Europe,60,63,,-0.03,-0.05,,31,31,32,48,48,48,16,15,15,,,,
39,48,42,1,1,1,37,47,35,CHE,Switzerland,Zurich,Europe,63,58,,0.05,0.09,,31,31,32,45,45,45,17,16,16,,,,
40,42,79,3,2,5,38,39,87,DEU,Germany,Dusseldorf,Europe,63,60,,0.29,0.05,863.73,32,30,29,45,45,45,17,16,15,,,,
41,39,41,2,3,4,60,56,59,NLD,Netherlands,Amsterdam,Europe,57,55,,0.04,0.04,,31,31,31,47,47,47,19,18,19,,,,
42,34,40,2,2,3,32,25,28,GBR,United Kingdom,Bristol,Europe,64,65,,0.03,-0.02,880.64,26,26,28,40,40,40,14,13,13,,,,
43,43,72,1,1,1,53,57,97,HUN,Hungary,Budapest,Europe,58,55,,0.23,0.05,,22,20,22,33,33,33,15,14,13,,,,
44,40,57,3,4,8,41,35,61,GBR,United Kingdom,Manchester,Europe,62,61,,0.15,0.02,853.12,31,30,28,45,45,45,14,13,13,,,,
45,47,54,4,3,2,55,59,73,DEU,Germany,Munchen,Europe,57,55,,0.1,0.04,781.47,26,25,27,39,39,39,11,11,11,,,,
46,37,52,1,1,1,34,20,40,SVN,Slovenia,Ljubljana,Europe,64,67,,0.08,-0.04,,31,30,32,42,42,42,18,17,18,,,,
47,36,29,3,2,2,48,32,19,NLD,Netherlands,Utrecht,Europe,60,63,,-0.08,-0.05,,35,35,36,52,52,53,19,18,18,,,,
48,29,24,1,1,1,54,27,21,CZE,Czechia,Prague,Europe,57,64,,-0.11,-0.11,,23,23,23,36,36,37,17,16,17,,,,
49,51,61,5,5,3,44,48,68,DEU,Germany,Stuttgart,Europe,60,58,,0.13,0.03,822.6,29,28,28,40,40,41,17,17,16,,,,
50,38,44,4,3,4,51,38,39,GBR,United Kingdom,Leeds,Europe,59,60,,0,-0.02,811.84,27,26,28,39,39,39,16,16,16,,,,
51,54,34,5,6,2,56,66,38,GBR,United Kingdom,Birmingham,Europe,57,54,,-0.05,0.06,784.32,29,30,29,44,44,43,16,16,15,,,,
52,44,51,1,1,1,49,40,50,PRT,Portugal,Lisboa,Europe,60,60,,0.05,0,,22,21,23,36,36,36,11,10,11,,,,
53,63,50,3,4,3,63,77,60,MEX,Mexico,Monterrey,Americas,56,51,,0.04,0.1,,22,22,21,36,36,35,19,18,18,,,,
54,50,49,6,5,6,23,19,18,GBR,United Kingdom,Bath,Europe,68,68,,0.01,0,935.68,23,23,25,35,35,35,12,12,12,,,,
55,53,58,2,2,3,61,60,75,FRA,France,Marseille,Europe,56,55,,0.1,0.02,,27,26,28,43,43,42,11,11,11,,,,
56,41,43,4,4,5,66,46,44,NLD,Netherlands,The Hague,Europe,55,58,,-0.05,-0.05,,32,32,33,48,48,48,18,18,18,,,,
57,79,126,14,15,22,87,130,198,USA,United States,Denver CO,Americas,51,44,,0.38,0.16,939.37,32,30,32,47,47,46,14,13,13,,,,
58,64,65,15,14,13,100,111,109,USA,United States,San Francisco CA,Americas,49,46,,0.09,0.07,902.54,28,28,28,45,45,44,12,11,10,,,,
59,109,132,1,1,2,89,179,207,ESP,Spain,Madrid,Europe,50,40,,0.39,0.25,,28,27,29,37,37,37,16,16,17,,,,
60,92,85,16,18,15,88,138,128,USA,United States,Pittsburgh PA,Americas,51,43,,0.19,0.19,939.37,25,24,26,37,37,36,20,18,17,,,,
61,81,86,6,6,6,64,99,100,DEU,Germany,Frankfurt,Europe,55,48,,0.2,0.15,754.05,26,26,28,37,37,37,16,16,16,,,,
62,52,47,4,3,2,76,65,54,MEX,Mexico,Tijuana,Americas,52,54,,-0.07,-0.04,,19,19,21,31,31,31,19,18,18,,,,
63,84,117,17,17,20,70,106,157,USA,United States,Stamford CT,Americas,53,47,,0.33,0.13,976.21,30,28,27,45,45,44,13,11,10,,,,
64,45,38,3,3,3,108,76,64,AUS,Australia,Sydney,Oceania,47,51,,-0.11,-0.08,,27,27,27,39,39,38,16,15,16,,,,
65,94,129,7,8,9,67,107,152,DEU,Germany,Hanover,Europe,54,47,,0.32,0.15,740.34,36,35,33,48,48,47,16,16,15,,,,
66,105,99,18,20,16,106,160,156,USA,United States,Charlotte NC,Americas,48,41,,0.17,0.17,884.12,31,31,30,45,45,45,17,17,16,,,,
67,99,134,7,19,30,45,74,107,GBR,United Kingdom,Cambridge,Europe,60,52,,0.3,0.15,825.6,28,27,29,40,40,39,13,12,12,,,,
68,87,87,1,1,1,46,62,62,LUX,Luxembourg,Luxembourg City,Europe,60,55,,0.11,0.09,,28,28,26,44,44,44,15,15,14,,,,
69,102,82,8,21,14,39,63,42,GBR,United Kingdom,Rochester,Europe,63,55,,0.07,0.15,866.88,35,35,34,46,46,47,16,16,15,,,,
70,82,101,19,16,17,157,159,184,USA,United States,Dallas TX,Americas,44,41,,0.16,0.07,810.44,35,34,35,52,52,51,16,15,14,,,,
71,56,37,2,2,2,42,21,11,IRL,Ireland,Galway,Europe,62,67,,-0.15,-0.07,,16,16,20,32,32,32,13,12,13,,,,
72,164,178,3,11,11,59,152,167,ITA,Italy,Brescia,Europe,57,42,,0.46,0.36,,28,28,29,39,39,39,14,13,13,,,,
73,71,71,3,4,5,90,88,89,FRA,France,Lyon,Europe,50,49,,0.02,0.02,,27,27,27,39,39,39,9,10,10,,,,
74,61,55,9,8,7,57,41,34,GBR,United Kingdom,Chelmsford,Europe,57,59,,-0.05,-0.03,784.32,33,33,34,46,46,47,19,19,19,,,,
75,70,75,2,2,2,72,72,79,BEL,Belgium,Antwerp,Europe,52,52,,0.04,0,,26,26,28,39,39,39,10,11,11,,,,
76,59,45,4,3,2,77,67,41,FRA,France,Bordeaux,Europe,51,54,,-0.14,-0.06,,27,28,28,43,43,43,13,14,15,,,,
77,69,96,1,1,1,110,97,138,AUT,Austria,Vienna,Europe,47,48,,0.12,-0.02,,24,23,21,33,33,33,17,16,17,,,,
78,155,158,1,1,1,141,234,244,ARE,United Arab Emirates,Dubai,Asia,45,35,,0.36,0.29,,33,32,29,45,45,45,23,22,21,,,,
79,76,56,3,3,3,127,112,83,CAN,Canada,Vancouver BC,Americas,46,46,,-0.06,0,,22,23,23,35,35,35,18,19,19,,,,
80,95,105,20,19,18,101,121,135,USA,United States,Honolulu HI,Americas,49,45,,0.17,0.09,902.54,25,24,26,37,37,37,17,16,16,,,,
81,66,76,10,10,12,78,71,82,GBR,United Kingdom,Edinburgh,Europe,51,53,,0.02,-0.04,701.76,25,25,27,37,37,37,16,15,15,,,,
82,127,119,21,23,21,140,193,182,USA,United States,Austin TX,Americas,46,39,,0.21,0.18,847.28,33,32,33,48,48,48,16,15,14,,,,
83,90,90,8,7,7,129,131,132,DEU,Germany,Hamburg,Europe,46,44,,0.07,0.05,630.66,26,26,24,37,37,36,15,15,15,,,,
84,130,93,2,2,2,73,133,94,CHE,Switzerland,Basel,Europe,52,44,,0.08,0.18,,37,38,37,52,52,51,16,15,13,,,,
85,91,135,11,16,31,69,81,129,GBR,United Kingdom,Southampton,Europe,53,51,,0.23,0.04,729.28,30,29,30,42,42,42,15,14,14,,,,
86,243,239,4,7,6,109,307,309,AUS,Australia,Adelaide,Oceania,47,30,,0.62,0.57,,30,30,31,38,38,38,21,20,21,,,,
87,136,115,4,9,5,85,142,126,ITA,Italy,Florence,Europe,51,43,,0.19,0.19,,25,25,26,37,37,37,13,13,13,,,,
88,57,69,2,3,4,98,53,76,POL,Poland,Wroclaw,Europe,49,56,,-0.04,-0.13,,19,19,19,30,30,31,13,14,15,,,,
89,80,111,12,12,22,79,80,112,GBR,United Kingdom,Coventry,Europe,51,51,,0.13,0,701.76,28,27,31,39,39,40,17,16,15,,,,
90,93,98,13,17,20,80,89,96,GBR,United Kingdom,Belfast,Europe,51,49,,0.09,0.04,701.76,28,27,28,41,41,41,15,15,15,,,,
91,151,102,9,11,8,93,181,110,DEU,Germany,Bremen,Europe,49,40,,0.09,0.23,671.79,32,33,31,44,44,44,16,16,15,,,,
92,101,60,3,3,3,107,122,72,ZAF,South Africa,Pretoria,Africa,48,45,,-0.08,0.07,,26,27,26,38,38,38,12,13,13,,,,
93,58,48,14,7,5,81,50,33,GBR,United Kingdom,Wigan,Europe,51,57,,-0.16,-0.11,701.76,22,23,25,35,35,35,14,15,15,,,,
94,55,53,3,2,3,99,49,52,POL,Poland,Poznan,Europe,49,57,,-0.13,-0.14,,20,20,21,34,34,34,15,14,15,,,,
95,110,617,22,21,122,184,757,749,USA,United States,Phoenix AZ,Americas,42,39,,2,0.08,773.6,35,35,34,41,41,41,19,20,20,,,,
96,117,118,5,4,6,65,86,95,ITA,Italy,Bergamo,Europe,55,50,,0.17,0.1,,24,23,26,35,35,35,11,11,11,,,,
97,106,104,6,3,4,104,123,125,ITA,Italy,Palermo,Europe,48,45,,0.09,0.07,,21,20,23,33,33,33,8,9,9,,,,
98,126,122,7,7,7,105,140,146,ITA,Italy,Genoa,Europe,48,43,,0.17,0.12,,25,25,27,34,34,34,11,11,11,,,,
99,83,73,3,1,1,139,105,92,SWE,Sweden,Stockholm,Europe,46,47,,-0.04,-0.02,,24,24,24,37,37,37,17,17,17,,,,
100,125,150,23,22,25,170,192,228,USA,United States,San Antonio TX,Americas,43,39,,0.23,0.1,792.02,36,34,35,52,52,51,19,17,17,,,,
101,73,64,5,5,4,113,78,70,FRA,France,Toulouse,Europe,47,51,,-0.1,-0.08,,30,30,31,45,45,45,16,17,17,,,,
102,137,241,15,31,63,82,125,248,GBR,United Kingdom,Aberdeen,Europe,51,45,,0.55,0.13,701.76,29,27,29,38,38,37,18,16,16,,,,
103,65,67,16,9,11,116,70,69,GBR,United Kingdom,Sheffield,Europe,47,53,,-0.1,-0.11,646.72,29,28,29,41,41,40,15,15,15,,,,
104,107,89,17,22,17,58,64,49,GBR,United Kingdom,Aylesbury,Europe,57,55,,0,0.04,784.32,28,29,29,39,39,39,14,14,14,,,,
105,77,77,18,11,13,68,51,48,GBR,United Kingdom,Hemel Hempstead,Europe,54,57,,-0.05,-0.05,743.04,33,33,32,46,46,46,16,16,16,,,,
106,103,91,5,4,4,158,148,136,AUS,Australia,Perth,Oceania,43,42,,0.02,0.02,,26,26,27,38,38,38,22,21,20,,,,
107,114,114,19,25,24,95,108,117,GBR,United Kingdom,Newcastle upon Tyne,Europe,49,47,,0.11,0.04,674.24,28,28,30,40,40,41,19,18,18,,,,
108,88,88,20,15,16,102,85,88,GBR,United Kingdom,Leicester,Europe,48,50,,-0.02,-0.04,660.48,33,32,33,45,45,45,15,15,15,,,,
109,166,177,24,26,28,191,254,265,USA,United States,Tampa FL,Americas,41,34,,0.28,0.21,755.18,35,34,35,47,47,47,24,23,23,,,,
110,97,97,21,18,19,83,83,77,GBR,United Kingdom,Reading,Europe,51,51,,0.02,0,701.76,27,27,29,39,39,39,15,14,14,,,,
111,171,171,10,15,11,130,204,199,DEU,Germany,Leipzig,Europe,46,38,,0.24,0.21,630.66,29,29,28,38,38,38,16,16,15,,,,
112,147,144,22,33,36,84,128,122,GBR,United Kingdom,Norwich,Europe,51,45,,0.16,0.13,701.76,28,28,28,39,39,39,16,16,16,,,,
113,133,109,25,24,19,192,202,172,USA,United States,Portland OR,Americas,41,38,,0.05,0.08,755.18,31,31,31,45,45,44,15,14,14,,,,
114,129,128,23,28,27,133,141,143,GBR,United Kingdom,Liverpool,Europe,46,43,,0.1,0.07,632.96,27,27,27,37,37,37,17,17,17,,,,
115,100,154,24,20,38,117,100,162,GBR,United Kingdom,Nottingham,Europe,47,48,,0.18,-0.02,646.72,22,20,23,31,31,31,14,13,13,,,,
116,68,36,5,5,3,86,42,13,NLD,Netherlands,Leiden,Europe,51,59,,-0.28,-0.14,,30,32,34,48,48,48,19,19,20,,,,
117,119,149,11,9,10,111,114,158,DEU,Germany,Bonn,Europe,47,46,,0.18,0.02,644.37,34,33,31,47,47,46,18,16,15,,,,
118,192,202,12,18,15,94,187,191,DEU,Germany,Potsdam,Europe,49,40,,0.32,0.23,671.79,34,33,32,44,44,44,15,15,14,,,,
119,124,153,8,6,9,165,149,194,ITA,Italy,Naples,Europe,43,42,,0.16,0.02,,23,22,23,36,36,36,12,11,11,,,,
120,138,249,13,10,23,131,143,277,DEU,Germany,Wuppertal,Europe,46,43,,0.44,0.07,630.66,34,32,31,44,44,44,15,15,16,,,,
121,134,148,9,8,8,75,94,108,ITA,Italy,Varese,Europe,52,49,,0.13,0.06,,24,23,27,37,37,37,14,13,13,,,,
122,74,70,4,5,5,147,73,71,POL,Poland,Gdansk,Europe,45,52,,-0.13,-0.13,,21,21,21,33,33,34,14,14,15,,,,
123,116,120,2,2,1,185,161,176,ESP,Spain,Barcelona,Europe,41,41,,0.05,0,,30,29,29,38,38,38,12,11,12,,,,
124,112,121,25,24,25,118,102,119,GBR,United Kingdom,Stoke-on-Trent,Europe,47,48,,0.07,-0.02,646.72,36,35,35,47,47,47,18,16,16,,,,
125,89,103,6,6,6,62,36,53,FRA,France,Vitrolles,Europe,56,61,,0,-0.08,,38,37,37,53,53,53,27,26,26,,,,
126,120,94,10,5,3,154,132,106,ITA,Italy,Turin,Europe,44,44,,-0.04,0,,21,22,25,31,31,31,12,11,11,,,,
127,186,187,26,28,29,171,224,237,USA,United States,Charleston SC,Americas,43,36,,0.26,0.19,792.02,30,29,27,43,43,42,18,18,17,,,,
128,98,78,1,1,1,196,147,113,DNK,Denmark,Copenhagen,Europe,40,42,,-0.11,-0.05,,25,25,26,36,36,36,15,15,16,,,,
129,60,46,5,4,2,169,69,43,POL,Poland,Krakow,Europe,43,53,,-0.26,-0.19,,21,21,22,34,34,35,14,14,16,,,,
130,183,207,14,17,18,149,215,245,DEU,Germany,Dresden,Europe,44,37,,0.33,0.19,603.24,32,32,30,41,41,40,16,16,15,,,,
131,104,108,7,7,8,114,90,99,FRA,France,Lille,Europe,47,49,,0.02,-0.04,,29,29,29,42,42,42,14,14,13,,,,
132,122,141,6,6,7,138,115,144,POL,Poland,Katowice,Europe,46,46,,0.1,0,,26,25,26,39,39,39,19,16,16,,,,
133,75,74,6,6,6,125,61,63,NLD,Netherlands,Eindhoven,Europe,47,55,,-0.11,-0.15,,36,36,37,51,51,51,18,18,18,,,,
134,160,200,15,13,14,132,165,210,DEU,Germany,Wiesbaden,Europe,46,41,,0.28,0.12,630.66,34,33,33,45,45,45,19,18,18,,,,
135,175,168,5,6,6,146,195,180,MEX,Mexico,Cuernavaca,Americas,45,39,,0.18,0.15,,19,19,21,26,26,26,13,13,13,,,,
136,165,227,16,14,19,74,119,179,DEU,Germany,Sindelfingen,Europe,52,46,,0.37,0.13,712.92,37,35,32,49,49,48,17,16,15,,,,
137,142,136,1,1,1,168,162,161,NOR,Norway,Oslo,Europe,43,41,,0.08,0.05,,25,25,25,37,37,37,19,18,17,,,,
138,86,62,26,14,9,91,54,31,GBR,United Kingdom,Hertford Harlow,Europe,50,56,,-0.18,-0.11,688,31,32,32,43,43,44,18,18,18,,,,
139,233,262,27,34,39,148,256,290,USA,United States,Boulder CO,Americas,45,34,,0.45,0.32,828.86,32,31,34,44,44,44,22,21,20,,,,
140,143,166,1,1,1,268,253,286,SAU,Saudi Arabia,Riyadh,Asia,36,34,,0.16,0.06,,29,28,29,40,40,39,22,20,20,,,,
141,156,160,27,36,41,96,129,131,GBR,United Kingdom,Crawley,Europe,49,45,,0.14,0.09,674.24,34,33,32,45,45,45,16,16,16,,,,
142,135,146,6,5,5,222,203,213,MEX,Mexico,Toluca,Americas,39,38,,0.08,0.03,,26,25,24,35,35,34,14,14,14,,,,
143,96,106,7,7,8,126,82,90,NLD,Netherlands,Nijmegen,Europe,47,51,,-0.02,-0.08,,32,32,35,45,45,45,16,16,16,,,,
144,223,223,11,17,20,123,218,218,ITA,Italy,Reggio Emilia,Europe,47,37,,0.34,0.27,,28,28,29,39,39,39,17,17,17,,,,
145,111,139,28,23,33,144,101,137,GBR,United Kingdom,Hull,Europe,45,48,,0.07,-0.06,619.2,32,31,31,43,43,43,16,15,15,,,,
146,182,161,28,27,27,193,223,202,USA,United States,Baton Rouge LA,Americas,41,36,,0.14,0.14,755.18,30,30,33,44,44,44,18,17,17,,,,
147,85,84,29,13,15,119,68,66,GBR,United Kingdom,Guildford,Europe,47,54,,-0.11,-0.13,646.72,31,31,30,46,46,45,15,14,15,,,,
148,144,165,8,10,14,152,144,166,FRA,France,Strasbourg,Europe,44,43,,0.13,0.02,,29,28,29,41,41,41,14,13,13,,,,
149,154,143,30,35,35,103,118,103,GBR,United Kingdom,Hove,Europe,48,46,,0.04,0.04,660.48,22,22,24,32,32,32,14,14,14,,,,
150,187,183,12,13,12,155,198,186,ITA,Italy,Verona,Europe,44,39,,0.16,0.13,,29,28,31,39,39,39,14,14,14,,,,
151,141,147,29,25,24,223,194,196,USA,United States,New Orleans LA,Americas,39,39,,0.05,0,718.34,35,34,34,49,49,48,14,14,14,,,,
152,389,382,7,9,9,190,476,491,MEX,Mexico,Reynosa,Americas,41,23,,0.86,0.78,,25,25,27,31,31,31,25,23,22,,,,
153,177,242,31,45,64,134,154,232,GBR,United Kingdom,Ipswich,Europe,46,42,,0.35,0.1,632.96,37,36,35,46,46,46,17,17,16,,,,
154,128,130,32,27,28,120,93,98,GBR,United Kingdom,Basildon,Europe,47,49,,0,-0.04,646.72,34,34,34,46,46,46,21,20,20,,,,
155,158,174,17,12,13,159,164,183,DEU,Germany,Karlsruhe,Europe,43,41,,0.13,0.05,589.53,35,35,35,47,47,47,16,16,16,,,,
156,167,188,13,12,14,137,146,168,ITA,Italy,Salerno,Europe,46,43,,0.18,0.07,,27,26,28,39,39,39,15,15,15,,,,
157,190,181,33,50,48,121,156,155,GBR,United Kingdom,Eastbourne,Europe,47,42,,0.15,0.12,646.72,29,28,29,39,39,39,13,13,13,,,,
158,202,234,30,30,36,242,267,311,USA,United States,Milwaukee WI,Americas,38,33,,0.31,0.15,699.93,36,35,36,48,48,47,19,17,16,,,,
159,108,100,8,8,7,156,91,85,NLD,Netherlands,Tilburg,Europe,44,49,,-0.1,-0.1,,35,35,37,48,48,48,16,17,17,,,,
160,201,197,14,16,17,92,137,139,ITA,Italy,Lecco,Europe,50,44,,0.19,0.14,,26,25,27,38,38,38,15,14,14,,,,
161,113,80,3,3,3,136,84,56,IRL,Ireland,Cork,Europe,46,51,,-0.18,-0.1,,23,23,24,37,37,37,13,13,14,,,,
162,121,151,9,9,12,143,92,130,FRA,France,Aix-en-Provence,Europe,45,49,,0.05,-0.08,,34,33,34,50,50,49,17,17,17,,,,
163,180,206,18,16,17,172,196,226,DEU,Germany,Munster,Europe,42,39,,0.2,0.08,575.82,35,34,32,45,45,45,16,15,14,,,,
164,205,203,19,20,16,160,206,203,DEU,Germany,Krefeld,Europe,43,38,,0.19,0.13,589.53,33,33,32,42,42,42,20,19,19,,,,
165,486,481,1,1,1,267,616,637,QAT,Qatar,Doha,Asia,36,18,,1.12,1,,39,39,42,44,44,44,19,18,18,,,,
166,216,142,31,32,23,71,120,67,USA,United States,King of Prussia PA,Americas,53,46,,0,0.15,976.21,33,34,32,51,51,50,22,21,20,,,,
167,249,232,15,20,22,97,201,174,ITA,Italy,Lodi,Europe,49,39,,0.26,0.26,,28,28,31,39,39,39,16,16,16,,,,
168,163,140,34,39,34,186,182,154,GBR,United Kingdom,Cardiff,Europe,41,40,,0,0.03,564.16,20,21,24,30,30,30,13,13,13,,,,
169,115,95,35,26,18,135,75,65,GBR,United Kingdom,Stevenage,Europe,46,52,,-0.13,-0.12,632.96,32,33,33,45,45,45,21,21,21,,,,
170,131,110,36,29,21,174,124,102,GBR,United Kingdom,Derby,Europe,42,45,,-0.09,-0.07,577.92,32,32,31,43,43,43,15,15,15,,,,
171,311,316,20,34,34,173,341,345,DEU,Germany,Chemnitz,Europe,42,28,,0.56,0.5,575.82,31,31,33,38,38,38,14,15,15,,,,
172,254,268,8,7,7,241,309,327,MEX,Mexico,Culiacan,Americas,38,30,,0.36,0.27,,22,21,22,30,30,30,18,17,17,,,,
173,149,179,6,5,5,207,180,212,AUS,Australia,Gold Coast,Oceania,39,40,,0.08,-0.03,,31,30,29,43,43,43,19,19,19,,,,
174,152,123,10,12,9,115,103,80,FRA,France,Cregy-les-Meaux,Europe,47,48,,-0.06,-0.02,,32,32,34,41,41,42,18,18,18,,,,
175,204,280,21,19,28,150,189,279,DEU,Germany,Heilbronn,Europe,44,40,,0.42,0.1,603.24,37,35,35,47,47,47,17,16,16,,,,
176,409,449,2,3,4,142,401,439,DNK,Denmark,Horsens,Europe,45,26,,0.88,0.73,,38,38,39,45,45,45,17,16,16,,,,
177,218,248,22,22,22,161,208,241,DEU,Germany,Darmstadt,Europe,43,38,,0.26,0.13,589.53,35,34,34,45,45,45,16,15,15,,,,
178,173,163,37,43,43,175,167,159,GBR,United Kingdom,Warrington,Europe,42,41,,0.05,0.02,577.92,34,34,33,46,46,46,21,20,19,,,,
179,145,164,9,10,12,167,126,150,NLD,Netherlands,Amersfoort,Europe,43,45,,0.05,-0.04,,41,40,37,55,55,55,16,17,16,,,,
180,479,324,3,4,3,151,483,324,DNK,Denmark,Vejle,Europe,44,23,,0.57,0.91,,36,37,39,44,44,44,17,18,18,,,,
181,189,170,16,14,10,181,186,160,ITA,Italy,Modena,Europe,42,40,,0.05,0.05,,28,28,29,39,39,39,18,19,19,,,,
182,231,219,4,2,2,197,255,240,DNK,Denmark,Aarhus,Europe,40,34,,0.18,0.18,,29,29,31,38,38,37,17,17,17,,,,
183,196,152,11,15,13,215,216,169,FRA,France,Nantes,Europe,39,37,,0,0.05,,33,33,31,45,45,45,16,16,16,,,,
184,178,162,38,46,42,145,135,120,GBR,United Kingdom,Tamworth,Europe,45,44,,0.02,0.02,619.2,37,37,36,47,47,47,21,21,21,,,,
185,226,238,23,25,21,195,238,262,DEU,Germany,Mannheim,Europe,40,35,,0.25,0.14,548.4,37,36,35,48,48,47,20,20,20,,,,
186,150,107,12,11,7,198,150,105,FRA,France,Montpellier,Europe,40,42,,-0.13,-0.05,,26,27,29,39,39,39,15,15,15,,,,
187,153,191,17,10,15,220,163,214,ITA,Italy,Bologna,Europe,39,41,,0.08,-0.05,,28,27,28,38,38,38,16,16,16,,,,
188,161,192,39,38,51,162,134,170,GBR,United Kingdom,Cheltenham,Europe,43,44,,0.1,-0.02,591.68,30,29,30,41,41,41,13,13,13,,,,
189,184,137,40,48,32,176,169,115,GBR,United Kingdom,Newport,Europe,42,41,,-0.07,0.02,577.92,34,35,35,45,45,45,21,20,19,,,,
190,146,112,10,11,9,183,127,91,NLD,Netherlands,Arnhem,Europe,42,45,,-0.13,-0.07,,36,37,37,50,50,50,20,20,20,,,,
191,78,83,2,2,2,212,79,78,CZE,Czechia,Brno,Europe,39,51,,-0.22,-0.24,,27,27,30,41,41,41,20,19,21,,,,
192,148,125,41,34,26,122,87,74,GBR,United Kingdom,Braintree,Europe,47,50,,-0.08,-0.06,646.72,38,38,36,48,48,48,16,16,16,,,,
193,213,273,24,21,27,228,236,320,DEU,Germany,Nuremberg,Europe,38,35,,0.31,0.09,520.98,35,34,34,45,45,45,15,14,14,,,,
194,200,201,18,15,18,166,174,175,ITA,Italy,Vicenza,Europe,43,41,,0.1,0.05,,27,27,30,39,39,39,19,18,18,,,,
195,255,251,32,38,38,243,298,292,USA,United States,Lexington KY,Americas,38,31,,0.23,0.23,699.93,28,27,31,38,38,38,23,22,22,,,,
196,230,261,42,61,70,199,239,284,GBR,United Kingdom,Plymouth,Europe,40,35,,0.29,0.14,550.4,29,28,28,37,37,38,15,14,14,,,,
197,207,199,33,31,32,292,278,289,USA,United States,Cincinnati OH,Americas,34,32,,0.1,0.06,626.25,34,33,33,46,46,46,20,18,18,,,,
198,347,312,25,40,33,112,303,261,DEU,Germany,Saarlouis,Europe,47,31,,0.47,0.52,644.37,31,32,34,41,41,41,19,20,20,,,,
199,157,124,11,12,10,205,151,118,NLD,Netherlands,Haarlem,Europe,40,42,,-0.09,-0.05,,34,35,34,49,49,49,20,20,21,,,,
200,181,246,7,6,7,208,197,269,AUS,Australia,Newcastle,Oceania,39,39,,0.22,0,,31,29,30,40,40,40,17,17,17,,,,
201,139,63,43,32,10,153,95,26,GBR,United Kingdom,Burton upon Trent,Europe,44,49,,-0.29,-0.1,605.44,29,30,33,40,40,41,17,19,19,,,,
202,170,204,13,14,17,216,185,215,FRA,France,Grenoble,Europe,39,40,,0.11,-0.03,,29,28,30,40,40,41,10,11,11,,,,
203,239,229,19,19,21,203,242,234,ITA,Italy,Padua,Europe,40,35,,0.18,0.14,,32,32,32,42,42,42,15,15,15,,,,
204,132,113,44,30,23,200,116,101,GBR,United Kingdom,Colchester,Europe,40,46,,-0.13,-0.13,550.4,32,32,33,43,43,44,17,18,18,,,,
205,251,264,20,21,24,124,191,188,ITA,Italy,Alba,Europe,47,40,,0.27,0.18,,24,23,26,33,33,34,16,16,16,,,,
206,123,116,7,7,6,266,139,148,POL,Poland,Lodz,Europe,36,43,,-0.12,-0.16,,24,24,25,36,36,36,16,16,17,,,,
207,220,173,26,23,12,213,226,171,DEU,Germany,Aachen,Europe,39,36,,0,0.08,534.69,30,31,32,41,41,41,16,17,17,,,,
208,193,175,45,52,46,177,157,140,GBR,United Kingdom,Lincoln,Europe,42,42,,0,0,577.92,30,30,31,41,41,41,13,13,13,,,,
209,270,406,34,40,64,332,387,582,USA,United States,Minneapolis MN,Americas,32,26,,0.68,0.23,589.41,41,38,38,50,50,49,17,16,16,,,,
210,179,221,46,47,58,201,168,216,GBR,United Kingdom,Bedford,Europe,40,41,,0.14,-0.02,550.4,37,35,35,46,46,46,19,20,20,,,,
211,224,185,21,18,13,237,237,197,ITA,Italy,Bari,Europe,38,35,,0.03,0.09,,30,30,30,41,41,41,11,11,10,,,,
212,197,159,35,29,26,333,277,249,USA,United States,San Diego CA,Americas,32,32,,-0.03,0,589.41,32,32,32,45,45,44,18,18,19,,,,
213,433,480,9,11,12,278,530,587,MEX,Mexico,Merida,Americas,35,21,,0.84,0.67,,22,21,23,26,26,26,16,15,15,,,,
214,225,290,3,5,6,194,219,296,CHE,Switzerland,Lucerne,Europe,40,37,,0.33,0.08,,42,40,40,53,53,52,16,15,15,,,,
215,253,211,22,22,19,182,229,178,ITA,Italy,Lucca,Europe,42,36,,0.11,0.17,,26,27,28,38,38,38,18,19,19,,,,
216,470,489,4,10,12,128,407,421,CHE,Switzerland,Neuchatel,Europe,46,26,,0.92,0.77,,39,38,37,46,46,46,20,19,17,,,,
217,140,127,12,9,11,206,117,104,NLD,Netherlands,'s-Hertogenbosch,Europe,40,46,,-0.13,-0.13,,38,38,39,52,52,52,21,21,21,,,,
218,517,560,36,92,100,293,619,675,USA,United States,Buffalo NY,Americas,34,18,,1.13,0.89,626.25,32,32,32,38,38,38,18,18,18,,,,
219,159,176,47,37,47,163,109,124,GBR,United Kingdom,Farnborough,Europe,43,47,,-0.02,-0.09,591.68,32,31,33,42,42,43,18,18,18,,,,
220,215,184,48,58,50,305,279,259,GBR,United Kingdom,Glasgow,Europe,33,32,,0,0.03,454.08,32,32,32,42,42,42,14,14,14,,,,
221,264,231,37,39,35,334,355,323,USA,United States,Orlando FL,Americas,32,27,,0.14,0.19,589.41,37,38,36,49,49,49,23,23,23,,,,
222,203,172,49,54,45,202,188,149,GBR,United Kingdom,Gloucester,Europe,40,40,,-0.02,0,550.4,31,31,32,42,42,42,19,18,18,,,,
223,168,205,50,40,53,248,183,217,GBR,United Kingdom,Preston,Europe,37,40,,0.06,-0.08,509.12,36,35,35,46,46,46,16,16,15,,,,
224,232,198,51,62,52,187,212,163,GBR,United Kingdom,Redditch,Europe,41,38,,0.03,0.08,564.16,35,35,35,46,46,46,23,24,23,,,,
225,210,220,5,4,5,257,225,250,CHE,Switzerland,Geneva,Europe,36,36,,0.09,0,,28,27,25,40,40,40,13,12,12,,,,
226,174,156,2,2,2,210,153,133,AUT,Austria,Salzburg,Europe,39,42,,-0.07,-0.07,,26,26,26,39,39,39,17,17,17,,,,
227,306,391,38,45,60,294,389,521,USA,United States,Allentown PA,Americas,34,26,,0.62,0.31,626.25,32,30,33,40,40,39,21,20,19,,,,
228,296,335,23,27,32,238,312,366,ITA,Italy,Parma,Europe,38,30,,0.46,0.27,,33,32,33,42,42,42,20,19,18,,,,
229,424,434,3,7,8,230,453,472,ESP,Spain,Alcala de Henares,Europe,38,24,,0.65,0.58,,40,39,39,47,47,47,19,20,18,,,,
230,247,297,52,65,80,164,200,251,GBR,United Kingdom,Inverness,Europe,43,39,,0.3,0.1,591.68,32,30,34,41,41,41,17,16,15,,,,
231,195,195,4,4,4,180,136,145,IRL,Ireland,Limerick,Europe,42,44,,0,-0.05,,24,23,25,37,37,37,14,14,16,,,,
232,757,792,39,181,194,244,768,811,USA,United States,Greenville NC,Americas,38,13,,2.17,1,699.93,35,34,37,41,41,41,27,25,25,,,,
233,194,281,53,53,75,217,171,282,GBR,United Kingdom,Exeter,Europe,39,41,,0.26,-0.05,536.64,37,35,36,46,46,46,16,15,15,,,,
234,214,167,54,57,44,178,158,111,GBR,United Kingdom,Kidderminster,Europe,42,42,,-0.07,0,577.92,27,28,29,38,38,38,16,17,17,,,,
235,234,278,2,2,3,256,240,295,NZL,New Zealand,Wellington,Oceania,37,35,,0.23,0.06,,30,29,27,41,41,41,18,18,18,,,,
236,188,233,55,49,62,218,155,209,GBR,United Kingdom,Chesterfield,Europe,39,42,,0.08,-0.07,536.64,34,33,32,43,43,43,16,16,16,,,,
237,290,344,27,32,38,214,290,337,DEU,Germany,Siegen,Europe,39,32,,0.44,0.22,534.69,35,34,34,43,43,43,20,20,19,,,,
238,185,213,3,3,3,272,205,239,BEL,Belgium,Liege,Europe,35,38,,0.03,-0.08,,34,33,33,46,46,47,14,14,14,,,,
239,212,215,56,56,55,219,190,187,GBR,United Kingdom,Worcester,Europe,39,40,,0.03,-0.03,536.64,34,34,34,44,44,44,19,19,18,,,,
240,191,208,57,51,54,233,170,192,GBR,United Kingdom,Wrexham,Europe,38,41,,0.03,-0.07,522.88,39,38,37,48,48,48,19,19,19,,,,
241,176,145,58,44,37,179,110,84,GBR,United Kingdom,Bishop's Stortford,Europe,42,47,,-0.14,-0.11,577.92,36,36,36,46,46,47,18,18,17,,,,
242,246,284,28,27,29,258,258,304,DEU,Germany,Freiburg,Europe,36,34,,0.2,0.06,493.56,36,35,35,46,46,46,14,14,14,,,,
243,245,263,29,26,25,229,228,246,DEU,Germany,Reutlingen,Europe,38,36,,0.15,0.06,520.98,33,32,33,42,42,42,17,17,17,,,,
244,236,190,14,18,16,303,280,236,FRA,France,Nice,Europe,33,32,,-0.03,0.03,,29,30,26,40,40,40,14,14,13,,,,
245,172,131,59,42,29,260,166,121,GBR,United Kingdom,Luton,Europe,36,41,,-0.18,-0.12,495.36,30,31,30,42,42,42,16,16,16,,,,
246,219,157,60,60,40,261,217,153,GBR,United Kingdom,Portsmouth,Europe,36,37,,-0.12,-0.03,495.36,33,34,33,45,45,45,18,18,18,,,,
247,199,214,4,4,4,226,173,189,BEL,Belgium,Namur,Europe,38,41,,0.03,-0.07,,32,32,33,45,45,45,15,15,15,,,,
248,289,196,24,26,16,253,299,181,ITA,Italy,Rimini,Europe,37,31,,-0.03,0.19,,24,25,27,34,34,34,14,14,14,,,,
249,238,217,61,63,56,262,241,222,GBR,United Kingdom,Swindon,Europe,36,35,,0.03,0.03,495.36,36,36,35,45,45,45,22,21,20,,,,
250,162,138,15,13,11,247,145,114,FRA,France,Nimes,Europe,37,43,,-0.18,-0.14,,28,28,35,39,39,40,16,17,17,,,,
251,340,399,40,56,61,335,446,532,USA,United States,Omaha NE,Americas,32,24,,0.52,0.33,589.41,35,34,36,45,45,44,24,24,25,,,,
252,259,245,25,23,23,239,244,224,ITA,Italy,Novara,Europe,38,35,,0.09,0.09,,30,30,32,40,40,40,19,19,19,,,,
253,228,243,16,17,20,231,211,220,FRA,France,Aubagne,Europe,38,38,,0.09,0,,41,40,36,53,53,53,18,18,18,,,,
254,209,244,4,4,6,318,235,293,ZAF,South Africa,Durban,Africa,33,35,,0.1,-0.06,,29,28,27,40,40,39,17,17,17,,,,
255,241,240,41,37,37,280,257,258,USA,United States,Santa Cruz CA,Americas,35,34,,0.06,0.03,644.67,30,30,30,43,43,43,19,18,18,,,,
256,229,277,42,33,42,355,297,365,USA,United States,Raleigh NC,Americas,31,31,,0.19,0,570.99,37,35,37,48,48,48,25,24,24,,,,
257,317,331,43,48,51,316,390,411,USA,United States,Chattanooga TN,Americas,33,26,,0.32,0.27,607.83,35,34,35,45,45,44,25,23,22,,,,
258,273,189,44,41,30,224,248,151,USA,United States,Framingham MA,Americas,39,35,,-0.05,0.11,718.34,31,32,31,44,44,43,21,20,20,,,,
259,355,410,45,59,65,295,418,493,USA,United States,Ann Arbor MI,Americas,34,25,,0.55,0.36,626.25,37,36,38,46,46,46,23,22,22,,,,
260,405,383,4,6,5,320,498,507,ESP,Spain,Valencia,Europe,32,22,,0.45,0.45,,35,35,33,41,41,41,19,18,17,,,,
261,217,226,62,59,60,249,199,206,GBR,United Kingdom,Winchester,Europe,37,39,,0.03,-0.05,509.12,34,33,33,45,45,45,16,15,14,,,,
262,256,289,4,4,4,319,310,356,CAN,Canada,Winnipeg MB,Americas,32,30,,0.19,0.07,,25,24,29,33,33,34,18,18,18,,,,
263,308,338,46,46,52,356,413,461,USA,United States,Salt Lake City UT,Americas,31,25,,0.35,0.24,570.99,39,38,37,50,50,49,25,23,23,,,,
264,242,259,63,64,69,234,221,233,GBR,United Kingdom,Southport,Europe,38,37,,0.12,0.03,522.88,29,29,28,38,38,38,16,15,15,,,,
265,208,210,6,3,4,227,176,177,CHE,Switzerland,Lugano,Europe,38,41,,0,-0.07,,25,25,26,36,36,36,16,15,15,,,,
266,198,169,13,13,13,254,172,141,NLD,Netherlands,Dordrecht,Europe,37,41,,-0.12,-0.1,,40,40,39,54,54,53,21,21,21,,,,
267,305,707,26,30,73,204,273,673,ITA,Italy,Olbia,Europe,40,33,,1.5,0.21,,35,29,33,42,42,42,20,16,16,,,,
268,244,254,17,19,21,232,222,225,FRA,France,Melun,Europe,38,37,,0.09,0.03,,35,35,32,46,46,46,18,17,16,,,,
269,258,212,5,6,5,282,268,219,ZAF,South Africa,Pietermaritzburg,Africa,35,33,,0,0.06,,23,24,25,33,33,33,15,16,16,,,,
270,267,250,30,30,24,273,282,254,DEU,Germany,Lubeck,Europe,35,32,,0.06,0.09,479.85,40,40,38,50,50,50,14,15,15,,,,
271,169,182,64,41,49,284,184,190,GBR,United Kingdom,Doncaster,Europe,34,40,,-0.08,-0.15,467.84,28,27,29,38,38,38,18,17,17,,,,
272,227,269,2,2,2,279,227,281,PRT,Portugal,Porto,Europe,35,36,,0.13,-0.03,,34,34,33,46,46,46,20,20,21,,,,
273,237,193,47,36,31,384,305,272,USA,United States,Providence RI,Americas,30,30,,-0.06,0,552.57,33,34,33,46,46,46,14,14,14,,,,
274,278,327,5,3,4,369,356,458,ESP,Spain,Seville,Europe,30,27,,0.3,0.11,,29,28,30,36,36,36,18,18,18,,,,
275,271,247,65,69,65,250,262,223,GBR,United Kingdom,Kettering,Europe,37,34,,0.06,0.09,509.12,35,35,36,44,44,44,16,16,16,,,,
276,275,260,3,3,3,271,285,268,AUT,Austria,Linz,Europe,35,32,,0.09,0.09,,29,29,30,39,39,39,17,17,17,,,,
277,321,365,48,49,56,357,414,487,USA,United States,Greenville SC,Americas,31,25,,0.41,0.24,570.99,34,33,35,44,44,43,24,23,23,,,,
278,323,279,49,50,43,358,415,349,USA,United States,New Haven CT,Americas,31,25,,0.15,0.24,570.99,29,30,32,39,39,39,17,17,17,,,,
279,298,228,50,43,34,406,412,319,USA,United States,Las Vegas NV,Americas,29,25,,0,0.16,534.15,29,29,32,39,39,39,19,19,21,,,,
280,222,236,31,24,20,259,210,221,DEU,Germany,Pforzheim,Europe,36,38,,0.03,-0.05,493.56,30,30,31,40,40,40,15,15,15,,,,
281,339,314,51,55,46,336,417,394,USA,United States,Lancaster PA,Americas,32,25,,0.23,0.28,589.41,32,32,34,41,41,41,21,21,21,,,,
282,206,180,14,14,14,255,175,147,NLD,Netherlands,Helmond,Europe,37,41,,-0.1,-0.1,,32,33,35,43,43,43,19,19,18,,,,
283,551,549,4,8,8,211,519,513,AUT,Austria,Neunkirchen,Europe,39,22,,0.86,0.77,,44,44,43,50,50,50,22,21,20,,,,
284,248,256,66,66,68,285,259,271,GBR,United Kingdom,Northampton,Europe,34,34,,0.06,0,467.84,35,35,34,44,44,44,19,18,18,,,,
285,235,224,52,35,33,269,220,200,USA,United States,North Charleston SC,Americas,36,37,,-0.03,-0.03,663.09,32,32,32,45,45,46,22,21,18,,,,
286,280,275,67,73,73,263,271,260,GBR,United Kingdom,Rugby,Europe,36,33,,0.09,0.09,495.36,39,39,38,48,48,48,22,21,21,,,,
287,729,697,53,168,151,385,796,760,USA,United States,Rochester NY,Americas,30,12,,1.31,1,552.57,35,35,36,41,41,41,23,23,23,,,,
288,252,209,6,5,4,389,308,274,ZAF,South Africa,Port Elizabeth,Africa,30,30,,-0.06,0,,25,25,26,36,36,36,19,18,18,,,,
289,338,318,54,54,48,386,445,429,USA,United States,Worcester MA,Americas,30,24,,0.25,0.25,552.57,34,34,34,43,43,43,20,20,20,,,,
290,474,405,3,2,2,390,585,556,ARE,United Arab Emirates,Abu Dhabi,Asia,29,19,,0.45,0.53,,38,38,34,45,45,44,21,21,19,,,,
291,299,266,3,3,2,331,339,300,NZL,New Zealand,Christchurch,Oceania,32,28,,0.07,0.14,,24,25,25,34,34,34,18,19,19,,,,
292,634,650,55,134,132,270,632,641,USA,United States,Nashua NH,Americas,36,18,,1.12,1,976.21,34,34,35,40,40,40,22,21,21,,,,
293,410,428,32,47,50,300,450,478,DEU,Germany,Magdeburg,Europe,33,24,,0.5,0.38,452.43,35,35,33,44,44,44,15,16,15,,,,
294,373,372,56,62,57,225,318,317,USA,United States,Kaneohe HI,Americas,39,30,,0.34,0.3,718.34,30,29,31,38,38,39,17,16,16,,,,
295,303,345,57,44,53,296,314,363,USA,United States,Escondido CA,Americas,34,30,,0.26,0.13,626.25,39,38,38,52,52,51,22,23,23,,,,
296,250,272,33,28,26,245,213,229,DEU,Germany,Unna,Europe,37,38,,0.06,-0.03,507.27,39,38,36,48,48,48,19,19,19,,,,
297,413,438,10,10,10,382,499,551,MEX,Mexico,San Luis Potosi,Americas,30,22,,0.5,0.36,,26,25,26,33,33,32,18,17,17,,,,
298,292,294,68,79,78,264,272,266,GBR,United Kingdom,Lowestoft,Europe,36,33,,0.13,0.09,495.36,32,32,32,40,40,40,16,16,16,,,,
299,407,417,27,41,44,276,400,416,ITA,Italy,Cesena,Europe,35,26,,0.4,0.35,,33,33,33,42,42,41,18,17,17,,,,
300,276,293,34,31,31,301,286,305,DEU,Germany,Hagen,Europe,33,32,,0.1,0.03,452.43,38,38,35,47,47,46,18,17,17,,,,
301,412,499,58,73,81,461,558,658,USA,United States,St Louis MO,Americas,27,20,,0.59,0.35,497.32,40,39,39,49,49,48,24,23,22,,,,
302,211,155,69,55,39,306,207,142,GBR,United Kingdom,Bournemouth,Europe,33,38,,-0.21,-0.13,454.08,26,26,26,36,36,36,15,15,15,,,,
303,655,613,2,3,2,290,658,628,HUN,Hungary,Gyor,Europe,34,17,,0.89,1,,32,32,36,40,40,40,17,17,17,,,,
304,221,186,18,16,15,283,209,165,FRA,France,Annecy,Europe,34,38,,-0.13,-0.11,,34,35,35,45,45,45,18,19,18,,,,
305,284,301,2,2,2,240,231,243,LUX,Luxembourg,Esch-sur-Alzette,Europe,38,36,,0.15,0.06,,36,36,34,49,49,49,18,17,18,,,,
306,265,270,70,68,72,325,281,285,GBR,United Kingdom,Swansea,Europe,32,32,,0.03,0,440.32,36,35,34,45,45,45,18,18,18,,,,
307,285,276,71,76,74,235,232,208,GBR,United Kingdom,Chester,Europe,38,36,,0.06,0.06,522.88,30,30,29,40,40,40,17,17,17,,,,
308,404,420,28,40,46,310,423,441,ITA,Italy,Ravenna,Europe,33,25,,0.43,0.32,,36,36,35,44,44,44,21,21,20,,,,
309,279,606,29,24,62,311,287,635,ITA,Italy,Cagliari,Europe,33,32,,0.83,0.03,,31,27,30,39,39,39,14,12,12,,,,
310,268,237,19,22,19,322,283,242,FRA,France,Rennes,Europe,32,32,,-0.03,0,,34,35,34,46,46,46,15,15,15,,,,
311,352,371,30,34,35,291,345,375,ITA,Italy,Piacenza,Europe,34,28,,0.31,0.21,,36,36,36,44,44,44,17,17,17,,,,
312,274,253,72,71,66,326,284,255,GBR,United Kingdom,Peterborough,Europe,32,32,,-0.03,0,440.32,37,37,37,46,46,46,18,19,19,,,,
313,686,796,59,149,196,407,731,842,USA,United States,Syracuse NY,Americas,29,14,,1.9,1,534.15,38,37,37,44,44,43,22,20,19,,,,
314,328,299,35,37,32,343,360,326,DEU,Germany,Monchengladbach,Europe,31,27,,0.11,0.15,425.01,37,37,34,45,45,45,16,15,15,,,,
315,416,323,60,74,50,297,402,307,USA,United States,Danbury CT,Americas,34,26,,0.17,0.31,626.25,33,33,35,42,42,42,22,22,21,,,,
316,335,444,8,9,10,362,392,522,AUS,Australia,Canberra,Oceania,30,26,,0.43,0.15,,35,34,33,43,43,43,20,19,18,,,,
317,240,288,1,1,1,452,306,396,FIN,Finland,Helsinki,Europe,27,30,,0.04,-0.1,,28,27,29,37,37,37,19,17,18,,,,
318,293,356,11,8,8,459,388,495,MEX,Mexico,Puebla,Americas,27,26,,0.23,0.04,,23,22,23,28,28,28,14,13,13,,,,
319,674,715,61,145,159,298,662,695,USA,United States,Baytown TX,Americas,34,17,,1.27,1,626.25,37,36,39,43,43,43,25,25,26,,,,
320,391,531,62,68,88,510,557,691,USA,United States,Detroit MI,Americas,25,20,,0.56,0.25,460.48,40,38,40,48,48,47,27,23,23,,,,
321,118,133,20,8,10,370,113,134,FRA,France,Toulon,Europe,30,46,,-0.29,-0.35,,35,34,37,48,48,48,17,18,21,,,,
322,318,332,36,35,35,365,358,391,DEU,Germany,Bielefeld,Europe,30,27,,0.15,0.11,411.3,32,31,29,40,40,40,14,14,14,,,,
323,269,315,21,23,26,304,261,308,FRA,France,Valenciennes,Europe,33,34,,0.14,-0.03,,36,35,35,45,45,45,16,17,17,,,,
324,387,265,63,66,40,359,420,276,USA,United States,Tacoma WA,Americas,31,25,,-0.03,0.24,570.99,33,35,34,45,45,45,17,17,17,,,,
325,432,353,37,50,40,302,427,346,DEU,Germany,Hildesheim,Europe,33,25,,0.22,0.32,452.43,39,40,37,47,47,46,17,18,18,,,,
326,507,445,64,89,72,360,532,489,USA,United States,Athens GA,Americas,31,21,,0.41,0.48,570.99,35,35,37,44,44,44,28,27,26,,,,
327,334,571,65,53,103,481,473,697,USA,United States,Columbus OH,Americas,26,23,,0.73,0.13,478.9,41,38,37,48,48,48,20,18,18,,,,
328,417,305,66,75,44,462,529,415,USA,United States,Hartford CT,Americas,27,21,,0.08,0.29,497.32,35,36,37,45,45,45,17,17,17,,,,
329,439,415,31,45,43,312,430,410,ITA,Italy,Pistoia,Europe,33,25,,0.32,0.32,,29,29,29,38,38,38,19,19,18,,,,
330,297,257,5,5,5,275,265,201,IRL,Ireland,Waterford,Europe,35,34,,-0.03,0.03,,27,27,29,38,38,38,17,16,17,,,,
331,322,320,32,31,30,313,315,310,ITA,Italy,Mestre,Europe,33,30,,0.14,0.1,,35,35,36,44,44,44,19,19,19,,,,
332,419,469,38,49,54,246,335,393,DEU,Germany,Geilenkirchen,Europe,37,29,,0.42,0.28,507.27,39,39,38,47,47,47,20,19,19,,,,
333,670,685,33,69,71,221,583,574,ITA,Italy,Cossato,Europe,39,20,,1.05,0.95,,31,31,33,38,38,38,18,18,17,,,,
334,277,360,73,72,91,327,270,370,GBR,United Kingdom,Blackburn,Europe,32,33,,0.23,-0.03,440.32,36,34,32,47,47,46,16,15,15,,,,
335,286,298,74,77,81,188,178,173,GBR,United Kingdom,Blackwood,Europe,41,41,,0.05,0,564.16,35,34,34,44,44,44,21,21,21,,,,
336,380,317,67,63,47,408,449,379,USA,United States,Savannah GA,Americas,29,24,,0.12,0.21,534.15,31,32,33,41,41,41,23,22,22,,,,
337,287,349,68,42,54,299,263,321,USA,United States,San Rafael CA,Americas,34,34,,0.17,0,626.25,35,33,33,49,49,49,17,16,16,,,,
338,314,319,69,47,49,409,357,381,USA,United States,Naples FL,Americas,29,27,,0.12,0.07,534.15,32,32,33,43,43,43,27,25,26,,,,
339,399,374,70,70,58,337,398,385,USA,United States,Lowell MA,Americas,32,26,,0.23,0.23,589.41,34,34,33,46,46,45,20,21,22,,,,
340,301,304,75,81,82,349,313,313,GBR,United Kingdom,Falkirk,Europe,31,30,,0.07,0.03,426.56,40,40,37,49,49,49,21,21,20,,,,
341,281,287,34,25,28,277,230,231,ITA,Italy,Rovereto,Europe,35,36,,0.03,-0.03,,37,37,39,46,46,46,20,20,20,,,,
342,300,282,35,28,26,314,291,256,ITA,Italy,Asti,Europe,33,32,,0,0.03,,28,28,31,38,38,38,17,17,17,,,,
343,288,194,7,6,3,363,311,193,CHE,Switzerland,Bern,Europe,30,30,,-0.19,0,,39,40,38,51,51,50,18,18,19,,,,
344,332,482,71,52,80,338,328,492,USA,United States,Columbia MD,Americas,32,29,,0.45,0.1,589.41,40,38,36,50,50,49,24,22,22,,,,
345,282,329,76,74,86,350,288,339,GBR,United Kingdom,Dundee,Europe,31,32,,0.15,-0.03,426.56,34,33,33,43,43,43,20,18,18,,,,
346,295,218,77,80,57,286,264,164,GBR,United Kingdom,Durham,Europe,34,34,,-0.15,0,467.84,31,32,32,40,40,40,18,18,18,,,,
347,313,346,78,83,89,251,250,270,GBR,United Kingdom,Saint Neots,Europe,37,35,,0.16,0.06,509.12,40,39,38,48,48,48,25,24,24,,,,
348,327,363,72,51,55,511,472,534,USA,United States,Sacramento CA,Americas,25,23,,0.19,0.09,460.48,39,38,38,50,50,49,17,16,16,,,,
349,333,419,39,38,47,274,294,351,DEU,Germany,Porta Westfalica,Europe,35,32,,0.3,0.09,479.85,35,34,36,42,42,42,18,18,18,,,,
350,420,366,79,96,92,265,336,301,GBR,United Kingdom,Londonderry,Europe,36,29,,0.2,0.24,495.36,27,26,30,37,37,38,15,16,16,,,,
351,263,255,80,67,67,328,246,230,GBR,United Kingdom,Basingstoke,Europe,32,35,,-0.09,-0.09,440.32,36,36,37,46,46,46,21,22,22,,,,
352,343,364,5,4,5,341,344,378,AUT,Austria,Innsbruck,Europe,31,28,,0.19,0.11,,35,34,32,43,43,42,16,15,15,,,,
353,272,225,81,70,59,236,177,116,GBR,United Kingdom,Woughton on the Green,Europe,38,41,,-0.14,-0.07,522.88,36,37,36,47,47,47,25,25,24,,,,
354,342,292,36,33,29,329,329,273,ITA,Italy,Busto Arsizio,Europe,32,29,,0,0.1,,27,28,26,38,38,38,14,15,15,,,,
355,329,373,37,32,36,376,342,405,ITA,Italy,Perugia,Europe,30,28,,0.2,0.07,,31,30,31,41,41,41,24,22,22,,,,
356,701,672,73,154,144,442,732,714,USA,United States,Tallahassee FL,Americas,28,14,,0.87,1,515.73,28,28,30,35,35,35,21,20,20,,,,
357,371,376,22,36,38,347,367,388,FRA,France,Mulhouse,Europe,31,27,,0.19,0.15,,38,37,38,46,46,46,18,19,19,,,,
358,266,258,23,21,22,323,247,227,FRA,France,Chartres,Europe,32,35,,-0.09,-0.09,,33,33,36,43,43,43,15,16,16,,,,
359,376,370,82,89,93,351,370,377,GBR,United Kingdom,Darlington,Europe,31,27,,0.19,0.15,426.56,33,33,32,42,42,42,17,17,17,,,,
360,291,322,83,78,85,287,249,280,GBR,United Kingdom,Shrewsbury,Europe,34,35,,0.1,-0.03,467.84,36,35,35,44,44,44,21,20,19,,,,
361,455,446,74,80,73,339,435,424,USA,United States,Wilmington DE,Americas,32,25,,0.33,0.28,589.41,35,34,35,45,45,44,19,18,18,,,,
362,466,457,75,82,75,387,480,476,USA,United States,Napa CA,Americas,30,23,,0.36,0.3,552.57,32,32,34,42,42,42,21,19,18,,,,
363,283,309,84,75,84,373,289,316,GBR,United Kingdom,Middlesbrough,Europe,30,32,,0.03,-0.06,412.8,35,34,34,44,44,45,20,20,20,,,,
364,261,216,24,20,18,348,245,185,FRA,France,Avignon,Europe,31,35,,-0.18,-0.11,,31,31,33,41,41,42,19,19,19,,,,
365,366,476,76,61,79,463,448,567,USA,United States,Santa Rosa CA,Americas,27,24,,0.35,0.13,497.32,36,34,35,48,48,47,20,20,20,,,,
366,528,537,3,7,8,383,536,557,PRT,Portugal,Vila Nova de Famalicao,Europe,30,21,,0.5,0.43,,41,41,40,48,48,48,23,22,21,,,,
367,319,333,85,84,87,288,275,283,GBR,United Kingdom,Trowbridge,Europe,34,33,,0.1,0.03,467.84,30,29,28,37,37,37,18,17,16,,,,
368,358,326,38,35,31,377,364,333,ITA,Italy,Ferrara,Europe,30,27,,0.07,0.11,,28,28,30,36,36,37,15,15,15,,,,
369,431,447,39,44,47,315,380,399,ITA,Italy,Biella,Europe,33,27,,0.32,0.22,,27,26,28,35,35,35,17,18,17,,,,
370,262,352,40,29,39,366,260,359,DEU,Germany,Ulm,Europe,30,34,,0.11,-0.12,411.3,41,40,41,50,50,50,22,21,21,,,,
371,513,561,12,13,13,509,618,681,MEX,Mexico,Ciudad Juarez,Americas,25,18,,0.56,0.39,,30,29,29,37,37,36,26,25,24,,,,
372,353,404,77,58,63,512,475,549,USA,United States,Louisville KY,Americas,25,23,,0.25,0.09,460.48,37,36,37,47,47,46,17,16,16,,,,
373,426,398,40,42,39,378,426,418,ITA,Italy,Trento,Europe,30,25,,0.2,0.2,,34,34,34,42,42,42,19,19,18,,,,
374,462,387,2,4,2,439,502,447,NOR,Norway,Bergen,Europe,28,22,,0.22,0.27,,28,28,29,35,35,35,16,18,17,,,,
375,408,486,86,94,99,189,252,302,GBR,United Kingdom,Craigavon,Europe,41,35,,0.37,0.17,564.16,37,35,36,46,46,46,20,21,21,,,,
376,388,435,78,67,68,317,333,376,USA,United States,Annapolis MD,Americas,33,29,,0.27,0.14,607.83,39,38,37,50,50,49,24,22,22,,,,
377,331,302,9,8,8,416,361,329,AUS,Australia,Geelong,Oceania,28,27,,0,0.04,,35,35,36,43,43,44,20,21,22,,,,
378,374,283,41,36,27,379,368,275,ITA,Italy,Bolzano,Europe,30,27,,-0.06,0.11,,35,36,36,43,43,44,19,19,19,,,,
379,367,389,6,5,6,321,332,354,ESP,Spain,Costa Adeje,Europe,32,29,,0.19,0.1,,36,36,35,47,47,47,20,19,19,,,,
380,453,418,42,48,45,352,433,402,ITA,Italy,Cremona,Europe,31,25,,0.24,0.24,,36,36,36,44,44,44,22,20,20,,,,
381,400,380,43,38,38,353,376,358,ITA,Italy,L'Aquila,Europe,31,27,,0.15,0.15,,29,29,31,40,40,40,17,17,17,,,,
382,430,401,44,43,40,354,403,389,ITA,Italy,Trapani,Europe,31,26,,0.19,0.19,,26,26,28,37,37,36,14,15,15,,,,
383,320,385,8,7,8,391,326,408,CHE,Switzerland,Lausanne,Europe,29,29,,0.16,0,,33,32,31,43,43,43,17,17,17,,,,
384,677,651,79,147,133,464,713,692,USA,United States,Gainesville FL,Americas,27,15,,0.69,0.8,497.32,34,34,37,42,42,42,26,26,25,,,,
385,377,369,1,1,1,588,556,569,SGP,Singapore,Singapore,Asia,22,20,,0.16,0.1,,24,23,20,32,32,31,18,18,17,,,,
386,260,235,15,15,15,438,269,238,NLD,Netherlands,Groningen,Europe,28,33,,-0.18,-0.15,,35,35,40,47,47,48,15,16,16,,,,
387,434,494,41,51,57,344,404,466,DEU,Germany,Bergheim,Europe,31,26,,0.35,0.19,425.01,43,42,38,50,50,50,18,17,16,,,,
388,383,291,87,92,77,374,372,278,GBR,United Kingdom,Burnley,Europe,30,27,,-0.06,0.11,412.8,33,35,32,43,43,43,16,17,17,,,,
389,360,274,80,60,41,410,365,263,USA,United States,Concord CA,Americas,29,27,,-0.09,0.07,534.15,36,37,35,50,50,50,18,18,18,,,,
390,423,443,81,77,71,443,452,479,USA,United States,Port St Lucie FL,Americas,28,24,,0.27,0.17,515.73,33,32,34,43,43,43,20,23,23,,,,
391,601,632,82,113,127,513,680,710,USA,United States,El Paso TX,Americas,25,16,,0.67,0.56,460.48,38,37,39,45,45,44,27,25,27,,,,
392,621,579,83,125,107,482,681,659,USA,United States,Pensacola FL,Americas,26,16,,0.53,0.63,478.9,38,38,40,45,45,45,27,26,26,,,,
393,365,422,42,43,48,394,366,433,DEU,Germany,Wolfsburg,Europe,29,27,,0.21,0.07,397.59,39,38,37,48,48,47,20,20,20,,,,
394,386,388,84,65,59,361,349,361,USA,United States,Sarasota Bradenton FL,Americas,31,28,,0.15,0.1,570.99,35,34,34,47,47,47,19,20,20,,,,
395,524,546,85,94,93,388,515,542,USA,United States,Melbourne FL,Americas,30,22,,0.43,0.36,552.57,34,33,36,43,43,42,26,24,24,,,,
396,512,554,86,91,96,535,617,676,USA,United States,Oklahoma City OK,Americas,24,18,,0.5,0.33,442.06,39,38,39,47,47,47,17,17,17,,,,
397,350,328,5,5,5,524,474,455,CAN,Canada,Calgary AB,Americas,24,23,,0.04,0.04,,32,32,31,40,40,40,21,21,21,,,,
398,382,285,88,91,76,307,319,211,GBR,United Kingdom,St Helier,Europe,33,30,,-0.08,0.1,454.08,15,15,17,23,23,23,13,15,15,,,,
399,304,295,89,82,79,289,233,204,GBR,United Kingdom,Bathgate,Europe,34,36,,-0.06,-0.06,467.84,38,38,37,47,47,47,22,22,22,,,,
400,415,427,90,95,95,308,334,344,GBR,United Kingdom,Newry,Europe,33,29,,0.22,0.14,454.08,34,33,35,44,44,44,18,17,17,,,,
401,592,463,87,110,76,411,597,470,USA,United States,Gresham OR,Americas,29,19,,0.26,0.53,534.15,32,33,31,41,41,41,23,22,22,,,,
402,302,271,45,29,25,380,292,235,ITA,Italy,Pavia,Europe,30,32,,-0.12,-0.06,,27,28,30,37,37,37,15,15,16,,,,
403,617,567,88,123,102,465,654,614,USA,United States,Fort Smith AR,Americas,27,17,,0.5,0.59,497.32,34,34,38,41,41,42,25,25,25,,,,
404,397,354,43,45,41,345,350,318,DEU,Germany,Bergkamen,Europe,31,28,,0.07,0.11,425.01,36,37,36,44,44,44,17,18,17,,,,
405,310,367,44,33,42,447,340,422,DEU,Germany,Kiel,Europe,27,28,,0.13,-0.04,370.17,36,35,35,45,45,45,18,17,18,,,,
406,564,535,3,4,7,393,571,545,CZE,Czechia,Liberec,Europe,29,20,,0.45,0.45,,27,27,28,34,34,34,18,18,17,,,,
407,354,413,45,41,46,418,363,436,DEU,Germany,Regensburg,Europe,28,27,,0.17,0.04,383.88,35,34,37,43,43,44,16,16,16,,,,
408,403,343,46,39,34,403,399,335,ITA,Italy,Andria,Europe,29,26,,0.04,0.12,,25,26,28,36,36,36,21,20,20,,,,
409,421,437,89,76,70,514,500,543,USA,United States,Durham NC,Americas,25,22,,0.19,0.14,460.48,38,37,38,47,47,47,20,20,20,,,,
410,555,645,7,12,17,449,591,677,ESP,Spain,Elche,Europe,27,19,,0.69,0.42,,36,35,38,42,42,41,18,19,19,,,,
411,336,267,91,85,71,427,343,257,GBR,United Kingdom,Blackpool,Europe,28,28,,-0.15,0,385.28,29,30,30,39,39,39,17,17,17,,,,
412,344,311,90,57,45,412,330,297,USA,United States,Fort Myers FL,Americas,29,29,,-0.03,0,534.15,32,33,34,44,44,44,27,28,29,,,,
413,385,448,91,64,74,340,320,371,USA,United States,Monterey CA,Americas,32,30,,0.23,0.07,589.41,33,31,31,46,46,46,21,20,20,,,,
414,506,498,4,6,6,441,511,517,PRT,Portugal,Barcelos,Europe,28,22,,0.33,0.27,,35,35,36,43,43,43,21,21,21,,,,
415,368,337,46,44,36,469,419,395,DEU,Germany,Augsburg,Europe,26,25,,0,0.04,356.46,39,40,38,48,48,48,19,20,19,,,,
416,452,459,47,47,49,432,458,471,ITA,Italy,Pescara,Europe,28,24,,0.22,0.17,,31,31,31,41,41,40,18,18,18,,,,
417,393,362,25,40,36,395,374,347,FRA,France,Beauvais,Europe,29,27,,0.07,0.07,,35,35,39,42,42,43,16,16,15,,,,
418,428,412,92,78,66,466,455,444,USA,United States,Oceanside CA,Americas,27,24,,0.17,0.13,497.32,37,37,36,50,50,49,24,24,23,,,,
419,325,342,47,36,37,419,327,340,DEU,Germany,Koblenz,Europe,28,29,,0.04,-0.03,383.88,41,41,40,51,51,50,20,21,21,,,,
420,348,313,26,31,25,396,331,299,FRA,France,Creil,Europe,29,29,,-0.03,0,,35,35,35,44,44,44,23,22,22,,,,
421,508,400,93,90,62,536,589,525,USA,United States,Boise ID,Americas,24,19,,0.14,0.26,442.06,33,33,32,41,41,41,22,21,21,,,,
422,483,456,10,10,11,209,296,267,AUS,Australia,Warana,Oceania,39,32,,0.22,0.22,,29,29,30,37,37,37,18,18,18,,,,
423,330,296,8,4,3,494,391,336,ESP,Spain,Palma de Mallorca,Europe,25,26,,-0.11,-0.04,,34,34,33,44,44,44,17,17,16,,,,
424,315,348,27,28,30,397,302,328,FRA,France,Arras,Europe,29,31,,0.04,-0.06,,36,36,36,44,44,44,21,20,20,,,,
425,401,472,94,71,78,413,377,456,USA,United States,Davis CA,Americas,29,27,,0.26,0.07,534.15,37,35,38,49,49,49,23,20,19,,,,
426,490,514,48,53,53,330,409,425,ITA,Italy,Thiene,Europe,32,26,,0.33,0.23,,31,31,32,40,40,40,19,19,20,,,,
427,478,522,95,84,86,537,562,617,USA,United States,Lakeland FL,Americas,24,20,,0.33,0.2,442.06,38,37,38,46,46,46,24,23,23,,,,
428,461,451,49,49,48,433,460,453,ITA,Italy,Arezzo,Europe,28,24,,0.22,0.17,,29,29,30,37,37,37,19,19,19,,,,
429,435,368,5,7,5,417,428,367,BEL,Belgium,Mons,Europe,28,25,,0.08,0.12,,34,34,35,44,44,44,18,19,18,,,,
430,411,425,28,43,48,453,424,438,FRA,France,Mans (Le),Europe,27,25,,0.13,0.08,,34,33,33,43,43,43,15,15,15,,,,
431,294,306,29,24,23,454,300,314,FRA,France,Caen,Europe,27,31,,-0.07,-0.13,,36,36,36,46,46,46,18,18,18,,,,
432,690,684,96,150,148,483,714,708,USA,United States,Lafayette IN,Americas,26,15,,0.73,0.73,478.9,32,31,35,38,38,38,23,22,23,,,,
433,437,454,48,52,53,420,429,451,DEU,Germany,Gera,Europe,28,25,,0.22,0.12,383.88,35,35,37,42,42,42,18,18,18,,,,
434,381,379,30,38,40,455,397,403,FRA,France,Brest,Europe,27,26,,0.08,0.04,,31,30,31,39,39,40,16,16,15,,,,
435,457,431,97,81,67,559,560,562,USA,United States,Birmingham AL,Americas,23,20,,0.15,0.15,423.64,40,39,39,49,49,49,15,15,15,,,,
436,748,750,13,14,14,533,800,807,MEX,Mexico,Torreon,Americas,24,12,,1,1,,25,24,25,28,28,28,15,15,15,,,,
437,440,402,50,46,41,434,431,404,ITA,Italy,Catanzaro,Europe,28,25,,0.12,0.12,,31,31,31,39,39,40,18,17,17,,,,
438,357,355,31,32,32,423,347,342,FRA,France,Frejus,Europe,28,28,,0.04,0,,32,31,33,40,40,40,16,17,16,,,,
439,359,334,5,3,3,480,394,364,PRT,Portugal,Cascais,Europe,26,26,,0,0,,31,31,31,41,41,41,19,19,19,,,,
440,337,300,4,2,2,534,416,360,SWE,Sweden,Goteborg,Europe,24,25,,-0.11,-0.04,,31,32,31,41,41,41,20,20,20,,,,
441,504,483,9,11,10,450,510,505,ESP,Spain,Mataro,Europe,27,22,,0.23,0.23,,36,36,37,43,43,43,19,19,19,,,,
442,364,310,7,8,8,544,447,383,ZAF,South Africa,Bloemfontein,Africa,24,24,,-0.08,0,,22,22,25,31,31,31,20,22,22,,,,
443,492,558,98,85,98,560,587,668,USA,United States,Fresno CA,Americas,23,19,,0.44,0.21,423.64,39,38,37,49,49,48,24,22,21,,,,
444,392,436,99,69,69,484,422,473,USA,United States,Hilo HI,Americas,26,25,,0.18,0.04,478.9,29,28,31,38,38,38,18,18,18,,,,
445,446,568,49,53,68,421,432,565,DEU,Germany,Worms,Europe,28,25,,0.4,0.12,383.88,45,43,38,52,52,51,20,19,19,,,,
446,324,452,32,30,53,371,293,400,FRA,France,Anglet,Europe,30,32,,0.2,-0.06,,33,31,33,41,41,41,13,13,13,,,,
447,438,409,9,9,9,364,381,353,CHE,Switzerland,Fribourg,Europe,30,27,,0.11,0.11,,39,39,38,49,49,49,17,17,16,,,,
448,351,350,92,88,90,252,214,195,GBR,United Kingdom,Tonypandy,Europe,37,38,,0,-0.03,509.12,31,31,31,39,39,39,21,20,20,,,,
449,429,470,100,79,77,515,477,541,USA,United States,Wilmington NC,Americas,25,23,,0.19,0.09,460.48,36,34,37,45,45,45,26,23,23,,,,
450,653,661,4,7,8,490,686,696,CZE,Czechia,Ostrava,Europe,25,16,,0.67,0.56,,34,34,32,41,41,41,23,24,23,,,,
451,326,252,8,7,7,520,359,264,ZAF,South Africa,East London,Africa,25,27,,-0.22,-0.07,,23,24,25,33,33,34,18,18,18,,,,
452,744,722,6,12,13,342,700,652,AUT,Austria,Amstetten,Europe,31,16,,0.82,0.94,,47,48,47,53,53,53,22,21,21,,,,
453,627,609,10,17,15,451,631,609,ESP,Spain,Girona,Europe,27,18,,0.5,0.5,,38,38,39,43,43,43,16,16,15,,,,
454,643,649,101,138,131,561,710,722,USA,United States,Stockton CA,Americas,23,15,,0.53,0.53,423.64,38,37,39,45,45,45,23,22,22,,,,
455,460,462,3,3,3,440,436,434,NOR,Norway,Drammen,Europe,28,25,,0.17,0.12,,32,32,32,39,39,39,19,18,18,,,,
456,630,658,51,63,67,381,580,583,ITA,Italy,Poggibonsi,Europe,30,20,,0.58,0.5,,35,35,35,42,42,42,24,23,24,,,,
457,494,525,102,87,87,485,507,552,USA,United States,Bridgeport CT,Americas,26,22,,0.3,0.18,478.9,37,36,35,47,47,46,20,19,18,,,,
458,356,392,5,3,3,446,346,398,CZE,Czechia,Pardubice,Europe,27,28,,0.08,-0.04,,31,30,31,39,39,39,16,16,16,,,,
459,857,884,103,231,249,414,844,872,USA,United States,Wilkes-Barre PA,Americas,29,11,,2.22,1,534.15,36,36,37,40,40,40,21,20,20,,,,
460,497,529,50,58,62,470,508,553,DEU,Germany,Ingolstadt,Europe,26,22,,0.3,0.18,356.46,39,38,36,46,46,46,17,18,17,,,,
461,604,620,104,116,123,538,652,674,USA,United States,Ocala FL,Americas,24,17,,0.5,0.41,442.06,36,36,37,44,44,44,26,26,26,,,,
462,362,386,51,42,43,448,348,382,DEU,Germany,Villingen-Schwenningen,Europe,27,28,,0.04,-0.04,370.17,36,35,35,45,45,44,22,21,21,,,,
463,468,524,4,5,4,479,481,546,NOR,Norway,Stavanger,Europe,26,23,,0.3,0.13,,30,29,29,37,37,37,21,20,19,,,,
464,345,336,93,86,88,428,316,306,GBR,United Kingdom,Ellesmere Port,Europe,28,30,,-0.03,-0.07,385.28,37,37,36,46,46,46,22,22,22,,,,
465,464,403,52,50,42,435,437,374,ITA,Italy,Cuneo,Europe,28,25,,0.08,0.12,,27,28,28,36,36,36,21,21,21,,,,
466,475,553,11,9,11,495,504,586,ESP,Spain,Santa Cruz de Tenerife,Europe,25,22,,0.32,0.14,,36,35,36,44,44,44,16,16,16,,,,
467,467,378,53,51,37,436,438,341,ITA,Italy,Siena,Europe,28,25,,0.04,0.12,,32,32,32,41,41,41,20,20,20,,,,
468,619,521,33,92,69,398,579,460,FRA,France,Montlucon,Europe,29,20,,0.26,0.45,,32,33,38,37,37,38,17,17,17,,,,
469,312,339,34,27,28,399,274,291,FRA,France,Villefranche-sur-Saone,Europe,29,33,,-0.06,-0.12,,35,35,36,45,45,45,16,16,16,,,,
470,536,458,5,5,5,493,567,501,DNK,Denmark,Odense,Europe,25,20,,0.14,0.25,,34,34,35,41,41,41,16,16,16,,,,
471,569,515,94,102,102,309,444,362,GBR,United Kingdom,Stirling,Europe,33,25,,0.22,0.32,454.08,32,32,34,39,39,39,17,18,18,,,,
472,489,477,2,2,2,587,586,591,SAU,Saudi Arabia,Dammam,Asia,22,19,,0.16,0.16,,41,41,39,48,48,48,21,21,21,,,,
473,370,500,35,35,63,372,304,413,FRA,France,Rambouillet,Europe,30,31,,0.2,-0.03,,40,39,34,49,49,49,25,23,23,,,,
474,628,663,105,129,139,590,706,740,USA,United States,Tulsa OK,Americas,22,15,,0.57,0.47,405.22,39,39,40,46,46,45,20,21,21,,,,
475,473,517,10,11,13,445,463,504,CHE,Switzerland,St Gallen,Europe,27,24,,0.23,0.13,,46,45,44,54,54,53,18,18,17,,,,
476,499,565,52,59,67,422,466,538,DEU,Germany,Speyer,Europe,28,24,,0.33,0.17,383.88,41,40,39,49,49,48,19,19,18,,,,
477,771,740,2,3,3,415,750,716,ARE,United Arab Emirates,Umm Al Quwain,Asia,28,14,,0.87,1,,36,36,37,41,41,41,24,23,23,,,,
478,425,520,95,97,103,429,379,474,GBR,United Kingdom,Dunfermline,Europe,28,27,,0.27,0.04,385.28,36,35,36,44,44,44,21,21,21,,,,
479,398,426,53,46,49,367,323,334,DEU,Germany,Ludwigsfelde,Europe,30,30,,0.07,0,411.3,43,42,39,51,51,51,22,22,22,,,,
480,529,581,106,96,108,591,621,682,USA,United States,Albuquerque NM,Americas,22,18,,0.38,0.22,405.22,37,36,35,46,46,45,21,20,20,,,,
481,375,325,16,16,16,478,369,322,NLD,Netherlands,Alkmaar,Europe,26,27,,-0.07,-0.04,,44,44,39,57,57,56,21,20,20,,,,
482,608,544,107,118,92,539,653,590,USA,United States,Olympia WA,Americas,24,17,,0.26,0.41,442.06,38,38,38,46,46,46,22,22,21,,,,
483,459,397,36,54,44,476,459,409,FRA,France,Niort,Europe,26,24,,0.04,0.08,,32,32,33,39,39,39,15,15,15,,,,
484,309,347,37,26,29,496,325,372,FRA,France,Metz,Europe,25,29,,-0.04,-0.14,,35,34,37,43,43,44,17,17,17,,,,
485,876,908,108,240,263,516,879,911,USA,United States,St  George UT,Americas,25,9,,2.57,1,460.48,42,40,37,46,46,45,25,25,25,,,,
486,349,303,7,5,4,521,393,332,AUT,Austria,Graz,Europe,24,26,,-0.14,-0.08,,31,32,32,40,40,41,14,14,15,,,,
487,567,607,12,13,14,475,572,608,ESP,Spain,Telde,Europe,26,20,,0.44,0.3,,43,43,41,52,52,52,28,28,28,,,,
488,726,711,3,7,7,505,735,726,HUN,Hungary,Szeged,Europe,25,14,,0.67,0.79,,26,26,29,31,31,32,15,16,16,,,,
489,436,390,13,8,7,550,501,482,ESP,Spain,Murcia,Europe,23,22,,0.05,0.05,,35,35,36,42,42,42,17,16,17,,,,
490,471,490,54,56,56,346,354,369,DEU,Germany,Dieburg,Europe,31,28,,0.19,0.11,425.01,41,41,38,50,50,50,21,20,18,,,,
491,575,562,54,59,57,404,523,500,ITA,Italy,Pontedera,Europe,29,22,,0.32,0.32,,35,35,35,43,43,43,21,20,20,,,,
492,488,493,55,52,52,477,486,494,ITA,Italy,Lecce,Europe,26,23,,0.18,0.13,,31,30,32,39,39,39,13,14,14,,,,
493,559,576,109,102,106,562,624,650,USA,United States,Salem OR,Americas,23,18,,0.35,0.28,423.64,33,33,35,40,40,40,23,21,21,,,,
494,346,430,96,87,96,375,276,331,GBR,United Kingdom,Telford,Europe,30,33,,0.07,-0.09,412.8,39,38,37,47,47,47,20,20,20,,,,
495,679,694,4,4,5,506,690,701,HUN,Hungary,Pecs,Europe,25,16,,0.67,0.56,,31,31,32,37,37,37,18,18,18,,,,
496,463,453,55,55,52,471,461,446,DEU,Germany,Zwickau,Europe,26,24,,0.13,0.08,356.46,34,34,35,42,42,42,16,16,16,,,,
497,518,578,56,62,69,472,514,572,DEU,Germany,Flensburg,Europe,26,22,,0.37,0.18,356.46,37,37,35,45,45,44,18,17,17,,,,
498,574,597,110,104,119,592,649,689,USA,United States,Springfield MA,Americas,22,17,,0.38,0.29,405.22,37,36,36,44,44,44,23,21,20,,,,
499,493,548,111,86,94,486,487,547,USA,United States,Conroe TX,Americas,26,23,,0.3,0.13,478.9,40,38,40,49,49,49,29,27,27,,,,
500,613,702,112,121,152,517,627,707,USA,United States,Hampton VA,Americas,25,18,,0.67,0.39,460.48,38,36,36,45,45,45,27,25,25,,,,
501,614,539,113,122,90,518,628,558,USA,United States,Columbia SC,Americas,25,18,,0.25,0.39,460.48,35,35,35,43,43,43,21,21,20,,,,
502,531,593,114,97,115,540,564,640,USA,United States,Charlottesville VA,Americas,24,20,,0.41,0.2,442.06,35,34,35,43,43,42,22,22,22,,,,
503,394,361,38,41,35,400,321,298,FRA,France,Bethune,Europe,29,30,,-0.03,-0.03,,33,32,32,39,39,40,17,18,18,,,,
504,577,589,115,105,112,281,386,392,USA,United States,Woodbridge VA,Americas,35,27,,0.35,0.3,644.67,36,36,36,46,46,46,25,22,22,,,,
505,639,683,116,137,147,644,728,773,USA,United States,Kansas City MO,Americas,20,14,,0.54,0.43,368.38,42,41,41,48,48,48,21,20,20,,,,
506,562,534,57,66,63,368,471,423,DEU,Germany,Brunswick,Europe,30,24,,0.25,0.25,411.3,37,38,37,45,45,45,16,17,16,,,,
507,602,596,117,114,118,645,704,724,USA,United States,Cleveland OH,Americas,20,15,,0.33,0.33,368.38,40,39,38,47,47,46,19,18,18,,,,
508,571,574,118,103,104,541,593,602,USA,United States,Panama City FL,Americas,24,19,,0.33,0.26,442.06,31,31,36,38,38,39,24,23,24,,,,
509,626,642,119,128,129,617,705,732,USA,United States,Tucson AZ,Americas,21,15,,0.5,0.4,386.8,33,33,33,39,39,39,25,25,25,,,,
510,454,504,58,54,59,473,434,486,DEU,Germany,Aschaffenburg,Europe,26,25,,0.18,0.04,356.46,41,40,39,48,48,48,16,16,15,,,,
511,498,471,56,54,50,405,410,384,ITA,Italy,Sarzana,Europe,29,26,,0.12,0.12,,26,26,29,34,34,34,17,18,18,,,,
512,369,377,39,34,39,324,251,247,FRA,France,Ancenis,Europe,32,35,,-0.03,-0.09,,41,41,41,50,50,50,19,20,20,,,,
513,406,508,120,72,84,487,378,481,USA,United States,Dublin CA,Americas,26,27,,0.18,-0.04,478.9,40,38,38,52,52,51,24,23,24,,,,
514,361,330,40,33,27,456,317,288,FRA,France,Ales,Europe,27,30,,-0.13,-0.1,,32,32,34,40,40,41,18,19,19,,,,
515,379,307,97,90,83,531,396,315,GBR,United Kingdom,Bridgend,Europe,24,26,,-0.17,-0.08,330.24,36,36,36,45,45,45,19,19,19,,,,
516,724,784,121,166,189,593,760,817,USA,United States,Reading PA,Americas,22,13,,1,0.69,405.22,35,34,34,40,40,40,21,20,20,,,,
517,384,432,41,39,50,497,373,427,FRA,France,Chambery,Europe,25,27,,0.04,-0.07,,43,42,43,50,50,50,17,18,17,,,,
518,606,538,98,106,104,503,601,537,GBR,United Kingdom,Daventry,Europe,25,19,,0.19,0.32,344,39,39,37,44,44,44,24,25,25,,,,
519,372,340,11,8,7,392,295,252,CHE,Switzerland,Bellinzona,Europe,29,32,,-0.12,-0.09,,35,35,36,46,46,46,16,16,17,,,,
520,316,351,42,29,31,424,266,287,FRA,France,Muret,Europe,28,34,,-0.1,-0.18,,38,38,37,49,49,49,18,17,17,,,,
521,395,411,99,93,94,430,322,330,GBR,United Kingdom,Broadstairs,Europe,28,30,,0,-0.07,385.28,35,34,33,43,43,43,19,19,19,,,,
522,537,653,122,99,135,618,622,730,USA,United States,Colorado Springs CO,Americas,21,18,,0.4,0.17,386.8,36,34,35,43,43,42,21,19,19,,,,
523,307,308,43,25,24,498,301,294,FRA,France,La Rochelle,Europe,25,31,,-0.17,-0.19,,32,32,34,41,41,42,16,16,17,,,,
524,491,610,100,100,107,431,408,536,GBR,United Kingdom,Coleraine,Europe,28,26,,0.33,0.08,385.28,36,34,37,44,44,44,21,20,20,,,,
525,823,864,123,214,234,444,790,824,USA,United States,Pottstown PA,Americas,28,13,,1.55,1,515.73,39,37,37,43,43,42,22,22,22,,,,
526,390,341,57,37,33,555,421,373,ITA,Italy,Trieste,Europe,23,25,,-0.12,-0.08,,19,19,22,28,28,29,14,18,19,,,,
527,341,286,59,39,30,545,362,303,DEU,Germany,Kassel,Europe,23,27,,-0.23,-0.15,315.33,35,36,35,44,44,44,17,17,18,,,,
528,522,647,44,64,95,425,442,564,FRA,France,Forbach,Europe,28,25,,0.4,0.12,,39,38,40,45,45,46,20,20,19,,,,
529,525,557,58,56,56,437,443,467,ITA,Italy,Borgomanero,Europe,28,25,,0.22,0.12,,28,28,29,36,36,36,20,20,20,,,,
530,481,496,6,4,5,557,505,540,PRT,Portugal,Braga,Europe,23,22,,0.1,0.05,,36,36,33,46,46,46,19,18,18,,,,
531,798,808,124,201,202,594,828,831,USA,United States,Evansville IN,Americas,22,11,,1.2,1,405.22,37,37,38,42,42,42,28,26,26,,,,
532,547,630,125,101,126,619,623,694,USA,United States,Harrisburg PA,Americas,21,18,,0.4,0.17,386.8,37,36,36,45,45,44,23,22,21,,,,
533,456,547,101,98,105,457,383,475,GBR,United Kingdom,Ballymena,Europe,27,27,,0.23,0,371.52,40,38,40,46,46,46,19,19,19,,,,
534,458,621,5,2,5,460,384,555,NOR,Norway,Hamar,Europe,27,27,,0.35,0,,30,28,34,37,37,36,16,15,15,,,,
535,711,748,126,161,173,620,759,801,USA,United States,Fayetteville NC,Americas,21,13,,0.75,0.62,386.8,38,37,40,44,44,44,28,26,26,,,,
536,539,516,59,57,54,507,518,485,ITA,Italy,Benevento,Europe,25,22,,0.14,0.14,,29,29,30,38,38,38,22,23,22,,,,
537,443,542,45,48,73,401,324,412,FRA,France,Roquebrune-Cap-Martin,Europe,29,30,,0.16,-0.03,,35,34,29,42,42,42,20,20,20,,,,
538,586,586,6,7,7,458,525,520,IRL,Ireland,Kilkenny,Europe,27,22,,0.29,0.23,,38,38,38,46,46,46,22,20,21,,,,
539,519,442,60,63,51,546,534,463,DEU,Germany,Paderborn,Europe,23,21,,0,0.1,315.33,36,37,36,43,43,44,19,19,18,,,,
540,632,533,127,132,89,646,707,642,USA,United States,Bakersfield CA,Americas,20,15,,0.18,0.33,368.38,36,37,40,45,45,45,27,27,27,,,,
541,597,587,128,112,110,647,679,686,USA,United States,Albany NY,Americas,20,16,,0.25,0.25,368.38,36,36,36,43,43,43,24,23,22,,,,
542,502,519,129,88,85,648,588,623,USA,United States,McAllen TX,Americas,20,19,,0.11,0.05,368.38,34,33,38,42,42,42,24,23,24,,,,
543,444,414,46,49,46,499,405,380,FRA,France,La Roche-sur-Yon,Europe,25,26,,-0.04,-0.04,,36,36,37,47,47,47,15,14,14,,,,
544,495,423,47,60,47,500,465,390,FRA,France,Saint-Quentin,Europe,25,24,,-0.04,0.04,,31,31,34,38,38,39,15,15,15,,,,
545,782,797,14,35,35,526,777,791,ESP,Spain,Talavera de la Reina,Europe,24,13,,1,0.85,,39,39,40,43,43,43,14,14,15,,,,
546,669,700,15,20,20,527,660,688,ESP,Spain,Pontevedra,Europe,24,17,,0.5,0.41,,41,40,42,45,45,45,20,21,21,,,,
547,469,429,48,56,49,528,462,420,FRA,France,Lorient,Europe,24,24,,0,0,,36,36,36,46,46,46,15,14,14,,,,
548,418,393,61,48,44,547,425,414,DEU,Germany,Wurzburg,Europe,23,25,,-0.08,-0.08,315.33,36,36,36,45,45,45,19,19,19,,,,
549,396,381,6,6,6,523,375,368,BEL,Belgium,Kortrijk,Europe,24,27,,-0.08,-0.11,,29,29,31,39,39,40,13,14,14,,,,
550,751,717,16,25,22,573,766,737,ESP,Spain,Jerez,Europe,22,13,,0.57,0.69,,39,39,39,43,43,43,20,21,21,,,,
551,607,590,130,117,113,542,602,576,USA,United States,Brick NJ,Americas,24,19,,0.26,0.26,442.06,35,35,37,44,44,43,29,29,30,,,,
552,448,485,49,52,59,575,478,533,FRA,France,Reims,Europe,22,23,,0.05,-0.04,,35,34,35,42,42,42,15,15,15,,,,
553,505,536,62,60,64,491,467,497,DEU,Germany,Neunkirchen,Europe,25,24,,0.14,0.04,342.75,37,37,36,45,45,49,19,20,20,,,,
554,477,495,102,99,101,504,439,448,GBR,United Kingdom,Kilmarnock,Europe,25,25,,0.09,0,344,31,30,33,37,37,38,19,18,18,,,,
555,363,460,7,5,7,570,395,509,BEL,Belgium,Charleroi,Europe,22,26,,0,-0.15,,41,40,39,50,50,50,19,18,17,,,,
556,603,584,131,115,109,467,527,496,USA,United States,West Chester PA,Americas,27,22,,0.23,0.23,497.32,32,32,33,41,41,41,22,23,23,,,,
557,450,455,14,12,11,676,559,579,MEX,Mexico,Tlaxcala,Americas,19,20,,0,-0.05,,28,27,30,33,33,33,18,18,19,,,,
558,482,478,50,58,58,576,506,524,FRA,France,Angers,Europe,22,22,,0.05,0,,37,37,36,45,45,45,16,16,16,,,,
559,514,526,51,63,70,577,533,561,FRA,France,Le Havre,Europe,22,21,,0.1,0.05,,36,35,35,43,43,44,13,13,13,,,,
560,620,569,60,61,59,532,603,548,ITA,Italy,Viareggio,Europe,24,19,,0.2,0.26,,30,30,31,38,38,38,18,18,18,,,,
561,570,503,63,69,58,548,574,510,DEU,Germany,Kaiserslautern,Europe,23,20,,0.05,0.15,315.33,41,42,40,49,49,49,16,16,16,,,,
562,538,473,8,7,6,522,517,445,AUT,Austria,Villach,Europe,24,22,,0.04,0.09,,37,37,39,44,44,45,17,18,18,,,,
563,533,577,12,14,14,468,468,502,CHE,Switzerland,Yverdon-les-Bains,Europe,26,24,,0.18,0.08,,39,38,40,47,47,47,19,18,18,,,,
564,521,502,132,93,82,679,620,616,USA,United States,Grand Rapids MI,Americas,19,18,,0.06,0.06,349.96,40,39,40,49,49,48,16,16,16,,,,
565,704,705,133,156,155,621,733,739,USA,United States,Hagerstown MD,Americas,21,14,,0.5,0.5,386.8,37,37,39,43,43,43,23,23,23,,,,
566,378,358,52,37,34,551,371,348,FRA,France,Valence,Europe,23,27,,-0.15,-0.15,,32,32,35,40,40,41,20,21,21,,,,
567,546,492,7,8,4,585,569,523,PRT,Portugal,Guimaraes,Europe,22,20,,0.05,0.1,,36,36,35,46,46,46,23,23,23,,,,
568,594,556,53,85,77,501,547,508,FRA,France,Thonon-les-Bains,Europe,25,21,,0.14,0.19,,30,30,29,36,36,36,17,17,16,,,,
569,542,564,61,58,58,508,492,511,ITA,Italy,Casale Monferrato,Europe,25,23,,0.14,0.09,,38,38,39,45,45,46,20,18,18,,,,
570,496,461,17,10,9,603,531,518,ESP,Spain,A Coruna,Europe,21,21,,0,0,,32,33,34,40,40,40,18,18,18,,,,
571,465,384,54,55,41,606,503,435,FRA,France,Tours,Europe,21,22,,-0.13,-0.05,,31,32,33,39,39,39,17,17,17,,,,
572,781,828,134,192,213,622,806,845,USA,United States,Appleton WI,Americas,21,12,,1.1,0.75,386.8,43,41,42,48,48,47,25,23,22,,,,
573,581,506,135,106,83,563,576,498,USA,United States,Lawrence MA,Americas,23,20,,0.05,0.15,423.64,36,37,36,46,46,46,15,15,15,,,,
574,501,505,8,5,7,586,509,530,PRT,Portugal,Coimbra,Europe,22,22,,0.05,0,,35,35,33,43,43,43,20,20,21,,,,
575,858,868,136,232,237,649,873,891,USA,United States,Corpus Christi TX,Americas,20,9,,1.5,1,368.38,42,42,42,48,48,47,23,23,23,,,,
576,451,421,17,17,17,583,457,432,NLD,Netherlands,Maastricht,Europe,22,24,,-0.08,-0.08,,40,40,38,50,50,50,20,20,20,,,,
577,476,407,64,57,45,571,482,426,DEU,Germany,Gottingen,Europe,22,23,,-0.08,-0.04,301.62,36,37,37,43,43,44,16,16,16,,,,
578,402,394,55,42,42,529,351,350,FRA,France,Salon-de-Provence,Europe,24,28,,-0.11,-0.14,,39,39,38,48,48,48,16,16,16,,,,
579,600,570,18,16,13,631,651,638,ESP,Spain,Las Palmas de Gran Canaria,Europe,20,17,,0.18,0.18,,35,35,34,43,43,43,21,21,21,,,,
580,582,518,65,70,60,525,545,465,DEU,Germany,Erkelenz,Europe,24,21,,0.04,0.14,329.04,40,41,38,48,48,48,17,19,18,,,,
581,472,575,137,83,105,680,561,667,USA,United States,Little Rock AR,Americas,19,20,,0.19,-0.05,349.96,41,40,41,50,50,50,25,22,24,,,,
582,422,408,56,45,45,607,451,450,FRA,France,Dijon,Europe,21,24,,-0.09,-0.13,,37,37,36,46,46,46,16,16,17,,,,
583,535,507,57,69,65,608,566,550,FRA,France,Clermont-Ferrand,Europe,21,20,,0.05,0.05,,35,36,34,43,43,43,17,17,16,,,,
584,257,359,2,2,2,589,243,357,SVN,Slovenia,Maribor,Europe,22,35,,-0.19,-0.37,,33,31,38,40,40,40,18,17,20,,,,
585,480,357,58,57,33,578,484,355,FRA,France,Pau,Europe,22,23,,-0.19,-0.04,,29,30,30,37,37,38,15,15,15,,,,
586,800,724,138,203,161,595,813,718,USA,United States,Bozeman MT,Americas,22,12,,0.47,0.83,405.22,30,31,33,37,37,38,20,21,21,,,,
587,427,416,2,2,2,605,454,452,FIN,Finland,Turku,Europe,21,24,,-0.09,-0.13,,26,26,28,34,34,34,16,15,16,,,,
588,511,572,59,62,78,552,489,554,FRA,France,Bourges,Europe,23,23,,0.15,0,,29,28,31,35,35,35,15,15,15,,,,
589,414,440,60,44,51,530,352,387,FRA,France,Romans-sur-Isere,Europe,24,28,,-0.08,-0.14,,35,34,36,44,44,44,19,19,19,,,,
590,484,433,7,6,6,554,464,406,IRL,Ireland,Dundalk,Europe,23,24,,-0.08,-0.04,,36,36,36,44,44,44,17,17,18,,,,
591,874,814,139,239,204,623,878,823,USA,United States,Billings MT,Americas,21,9,,0.91,1,386.8,30,31,32,36,36,35,23,22,21,,,,
592,656,637,6,7,7,549,636,610,DNK,Denmark,Randers,Europe,23,18,,0.28,0.28,,39,39,39,45,45,45,19,20,20,,,,
593,881,888,140,243,251,650,891,903,USA,United States,Columbus GA,Americas,20,8,,1.5,1,368.38,40,39,40,44,44,44,29,28,28,,,,
594,515,484,62,55,51,581,513,488,ITA,Italy,Udine,Europe,22,22,,0,0,,28,28,28,37,37,37,16,16,16,,,,
595,703,787,3,5,5,558,693,766,SAU,Saudi Arabia,Nairyah,Asia,23,16,,0.77,0.44,,49,48,48,52,52,51,25,24,24,,,,
596,545,591,141,100,114,707,648,702,USA,United States,Richmond VA,Americas,18,17,,0.2,0.06,331.54,42,41,42,50,50,49,23,22,21,,,,
597,734,770,142,170,183,651,762,808,USA,United States,Greeley CO,Americas,20,13,,0.67,0.54,368.38,36,35,38,42,42,42,23,23,23,,,,
598,487,512,9,6,7,568,485,516,AUT,Austria,Klagenfurt,Europe,22,23,,0.05,-0.04,,36,36,36,45,45,44,18,17,17,,,,
599,447,488,61,51,60,502,353,401,FRA,France,Abbeville,Europe,25,28,,0,-0.11,,37,36,39,43,43,44,18,17,17,,,,
600,584,552,143,107,95,681,650,639,USA,United States,Spokane WA,Americas,19,17,,0.12,0.12,349.96,31,31,33,38,38,38,21,21,22,,,,
601,659,669,144,143,141,682,712,731,USA,United States,Portland ME,Americas,19,15,,0.36,0.27,349.96,35,34,35,41,41,40,18,18,18,,,,
602,520,540,66,64,65,492,441,440,DEU,Germany,Husum,Europe,25,25,,0.09,0,342.75,36,36,35,43,43,43,18,18,18,,,,
603,647,682,67,71,72,474,555,570,DEU,Germany,Herford,Europe,26,21,,0.37,0.24,356.46,37,37,35,43,43,43,18,18,18,,,,
604,503,441,13,13,11,488,411,343,CHE,Switzerland,Nyon,Europe,25,26,,-0.07,-0.04,,35,35,34,46,46,45,17,16,16,,,,
605,523,466,62,65,55,553,490,428,FRA,France,Laval,Europe,23,23,,-0.04,0,,33,34,35,41,41,41,19,18,18,,,,
606,526,450,63,66,52,609,535,469,FRA,France,Vannes,Europe,21,21,,-0.09,0,,37,38,37,47,47,47,19,19,19,,,,
607,618,594,145,124,116,652,655,647,USA,United States,Norfolk VA,Americas,20,17,,0.18,0.18,368.38,38,37,38,46,46,46,27,25,26,,,,
608,509,585,64,61,82,426,337,419,FRA,France,Noyelles-sous-Lens,Europe,28,29,,0.17,-0.03,,43,42,39,50,50,50,19,19,19,,,,
609,587,615,146,108,121,624,595,626,USA,United States,Strathearn CA,Americas,21,19,,0.17,0.11,386.8,43,42,40,54,54,54,29,28,28,,,,
610,636,595,147,136,117,708,709,693,USA,United States,Oxnard CA,Americas,18,15,,0.13,0.2,331.54,42,43,38,52,52,52,26,26,26,,,,
611,786,842,148,195,220,596,779,828,USA,United States,Daytona Beach FL,Americas,22,13,,1,0.69,405.22,41,40,42,47,47,47,22,22,22,,,,
612,590,612,149,109,120,625,596,618,USA,United States,Clearwater St  Petersburg FL,Americas,21,19,,0.17,0.09,386.8,38,37,35,48,48,47,0,0,0,,,,
613,449,396,65,53,43,633,479,442,FRA,France,Orleans,Europe,20,23,,-0.13,-0.13,,30,30,31,38,38,38,17,17,17,,,,
614,611,563,150,120,101,564,578,527,USA,United States,Manassas VA,Americas,23,20,,0.1,0.15,423.64,34,34,35,42,42,42,22,21,21,,,,
615,707,793,151,158,195,543,674,747,USA,United States,Ocean Township NJ,Americas,24,17,,0.71,0.41,442.06,39,38,38,45,45,45,25,25,25,,,,
616,699,680,152,153,146,565,672,634,USA,United States,Fitchburg MA,Americas,23,17,,0.28,0.35,423.64,35,35,37,42,42,42,23,23,23,,,,
617,532,559,153,98,99,653,565,592,USA,United States,Gainesville GA,Americas,20,20,,0.05,0,368.38,38,37,38,46,46,45,24,23,24,,,,
618,572,566,19,14,12,661,625,633,ESP,Spain,Bilbao,Europe,19,18,,0.06,0.06,,36,36,36,42,42,41,14,15,15,,,,
619,645,713,154,139,157,519,554,611,USA,United States,Buford GA,Americas,25,21,,0.39,0.19,460.48,40,39,38,48,48,48,29,28,28,,,,
620,595,646,63,60,66,556,548,577,ITA,Italy,Aosta,Europe,23,21,,0.21,0.1,,30,29,30,37,37,37,19,19,19,,,,
621,596,628,155,111,125,566,549,568,USA,United States,Freehold Township NJ,Americas,23,21,,0.15,0.1,423.64,39,38,38,47,47,47,28,27,27,,,,
622,500,424,14,12,10,489,385,312,CHE,Switzerland,Locarno,Europe,25,27,,-0.14,-0.07,,30,31,29,38,38,38,14,15,15,,,,
623,667,643,64,68,65,582,639,595,ITA,Italy,Vercelli,Europe,22,18,,0.16,0.22,,35,35,34,42,42,42,20,20,21,,,,
624,552,605,66,74,85,634,570,627,FRA,France,Amiens,Europe,20,20,,0.11,0,,32,32,33,38,38,39,13,14,14,,,,
625,580,635,7,6,6,572,544,584,DNK,Denmark,Silkeborg,Europe,22,21,,0.16,0.05,,40,40,40,47,47,46,19,19,19,,,,
626,695,726,20,21,23,574,670,687,ESP,Spain,Figueres,Europe,22,17,,0.38,0.29,,34,34,37,39,39,39,19,18,17,,,,
627,640,747,6,6,8,584,606,723,NOR,Norway,Sandefjord,Europe,22,19,,0.47,0.16,,32,31,35,38,38,38,18,18,18,,,,
628,649,652,156,142,134,626,635,636,USA,United States,Frederick MD,Americas,21,18,,0.17,0.17,386.8,42,42,42,50,50,49,22,22,22,,,,
629,510,648,68,61,70,601,488,625,DEU,Germany,Fulda,Europe,21,23,,0.17,-0.09,287.91,38,36,37,46,46,46,17,17,17,,,,
630,736,729,157,171,163,654,739,735,USA,United States,Missoula MT,Americas,20,14,,0.43,0.43,368.38,31,31,33,39,39,38,19,19,19,,,,
631,589,626,21,15,16,604,577,598,ESP,Spain,Vilanova i la Geltru,Europe,21,20,,0.17,0.05,,37,36,37,43,43,43,18,18,17,,,,
632,588,679,10,9,11,569,546,631,AUT,Austria,Wiener Neustadt,Europe,22,21,,0.22,0.05,,45,43,38,52,52,51,17,18,18,,,,
633,826,776,158,216,185,709,851,814,USA,United States,Manchester NH,Americas,18,10,,0.64,0.8,331.54,38,39,39,44,44,44,21,21,20,,,,
634,635,543,159,135,91,729,708,649,USA,United States,Knoxville TN,Americas,17,15,,0,0.13,313.12,41,42,38,51,51,49,22,23,23,,,,
635,830,845,4,6,6,706,853,869,SAU,Saudi Arabia,Kharj,Asia,18,10,,1,0.8,,32,32,35,36,36,36,22,23,23,,,,
636,566,523,69,68,61,602,541,499,DEU,Germany,Offenburg,Europe,21,21,,-0.05,0,287.91,40,40,38,47,47,47,17,18,18,,,,
637,623,698,65,62,72,615,604,672,ITA,Italy,Agrigento,Europe,21,19,,0.31,0.11,,28,27,30,34,34,34,20,19,19,,,,
638,848,844,4,4,4,713,869,878,ARE,United Arab Emirates,Al Ain,Asia,17,9,,0.89,0.89,,36,36,36,41,41,41,25,25,24,,,,
639,540,321,4,4,4,678,568,338,NZL,New Zealand,Hamilton,Oceania,19,20,,-0.3,-0.05,,29,31,33,38,38,38,19,19,19,,,,
640,741,781,160,175,187,730,797,829,USA,United States,Akron OH,Americas,17,12,,0.55,0.42,313.12,38,37,39,43,43,43,21,21,21,,,,
641,543,601,67,70,83,635,537,596,FRA,France,Dunkirk,Europe,20,21,,0.05,-0.05,,37,36,38,44,44,44,16,16,16,,,,
642,799,744,161,202,171,710,829,779,USA,United States,Roanoke VA,Americas,18,11,,0.5,0.64,331.54,37,37,39,42,42,42,23,23,22,,,,
643,693,664,66,71,68,616,669,622,ITA,Italy,Campobasso,Europe,21,17,,0.17,0.24,,31,31,32,38,38,38,21,21,22,,,,
644,516,395,11,11,9,691,563,464,AUS,Australia,Wollongong,Oceania,18,20,,-0.22,-0.1,,36,37,38,44,44,44,19,19,19,,,,
645,578,608,68,82,86,402,338,352,FRA,France,Etrembieres,Europe,29,29,,0.07,0,,28,27,28,37,37,37,14,13,13,,,,
646,631,588,162,131,111,597,581,529,USA,United States,Fredericksburg VA,Americas,22,20,,0.05,0.1,405.22,37,37,38,47,47,46,23,24,24,,,,
647,441,465,69,46,54,663,456,490,FRA,France,Limoges,Europe,19,24,,-0.14,-0.21,,31,31,34,39,39,39,16,15,15,,,,
648,610,641,163,119,128,683,626,657,USA,United States,Denton TX,Americas,19,18,,0.12,0.06,349.96,43,42,42,52,52,52,23,22,23,,,,
649,709,739,164,160,168,731,758,795,USA,United States,Scranton PA,Americas,17,13,,0.42,0.31,313.12,35,35,36,40,40,40,19,20,20,,,,
650,793,763,165,198,181,684,811,777,USA,United States,Surprise AZ,Americas,19,12,,0.46,0.58,349.96,38,38,39,44,44,44,28,27,27,,,,
651,583,487,103,104,100,580,524,407,GBR,United Kingdom,Grimsby,Europe,22,22,,-0.12,0,302.72,29,29,30,37,37,37,14,14,14,,,,
652,870,831,22,47,40,632,863,816,ESP,Spain,Ciudad Real,Europe,20,10,,0.82,1,,39,40,40,43,43,43,14,14,14,,,,
653,585,582,70,83,80,664,594,594,FRA,France,Perpignan,Europe,19,19,,0,0,,37,36,35,45,45,45,23,22,22,,,,
654,560,695,71,79,103,610,522,654,FRA,France,Thionville,Europe,21,22,,0.24,-0.05,,41,40,37,48,48,48,17,17,17,,,,
655,534,491,72,68,61,611,491,431,FRA,France,Blendecques,Europe,21,23,,-0.13,-0.09,,35,36,36,41,41,42,17,18,17,,,,
656,561,474,70,65,55,628,539,454,DEU,Germany,Aalen,Europe,20,21,,-0.13,-0.05,274.2,36,37,35,43,43,43,16,17,17,,,,
657,624,659,166,127,137,732,682,715,USA,United States,Myrtle Beach SC,Americas,17,16,,0.13,0.06,313.12,40,39,39,47,47,47,27,26,26,,,,
658,527,696,167,95,150,733,590,741,USA,United States,Reno NV,Americas,17,19,,0.21,-0.11,313.12,42,39,39,51,51,51,25,22,22,,,,
659,678,640,11,10,9,599,641,578,AUT,Austria,Steyr,Europe,21,18,,0.11,0.17,,33,34,34,41,41,41,19,19,19,,,,
660,563,541,71,67,66,629,540,526,DEU,Germany,Neuwied,Europe,20,21,,-0.05,-0.05,274.2,44,44,42,52,52,51,24,24,23,,,,
661,442,375,73,47,37,612,382,325,FRA,France,Montelimar,Europe,21,27,,-0.25,-0.22,,30,31,34,38,38,39,18,18,18,,,,
662,558,603,18,18,18,702,592,651,NLD,Netherlands,Heerlen,Europe,18,19,,0.06,-0.05,,40,39,37,49,49,48,21,21,21,,,,
663,772,737,168,186,166,685,772,744,USA,United States,Elgin IL,Americas,19,13,,0.36,0.46,349.96,37,37,37,44,44,43,26,25,25,,,,
664,591,639,6,6,6,744,678,729,CAN,Canada,Edmonton AB,Americas,16,16,,0.07,0,,32,32,31,38,38,38,22,23,23,,,,
665,776,783,23,34,31,662,775,783,ESP,Spain,Ourense,Europe,19,13,,0.58,0.46,,35,35,36,39,39,39,16,16,16,,,,
666,445,475,74,50,57,636,406,437,FRA,France,Narbonne,Europe,20,26,,-0.17,-0.23,,40,40,43,48,48,49,21,21,21,,,,
667,629,654,169,130,136,655,605,621,USA,United States,Watsonville CA,Americas,20,19,,0.11,0.05,368.38,40,39,38,48,48,48,22,20,20,,,,
668,549,614,75,73,88,579,469,528,FRA,France,Mantes-la-Ville,Europe,22,24,,0.05,-0.08,,45,44,38,53,53,53,20,20,20,,,,
669,746,749,170,178,174,686,742,746,USA,United States,Toms River NJ,Americas,19,14,,0.36,0.36,349.96,39,38,39,46,46,46,25,24,24,,,,
670,745,734,171,177,165,567,677,643,USA,United States,Atco NJ,Americas,23,17,,0.35,0.35,423.64,37,37,36,45,45,44,26,26,26,,,,
671,637,592,67,64,61,675,633,585,ITA,Italy,Brindisi,Europe,19,18,,0,0.06,,31,32,33,40,40,40,18,18,18,,,,
672,576,509,76,81,66,637,542,462,FRA,France,Evreux,Europe,20,21,,-0.13,-0.05,,38,38,38,44,44,45,17,17,17,,,,
673,666,527,68,67,55,642,638,484,ITA,Italy,Rieti,Europe,20,18,,-0.09,0.11,,31,32,34,38,38,38,21,20,20,,,,
674,642,573,69,65,60,699,656,589,ITA,Italy,Livorno,Europe,18,17,,-0.05,0.06,,37,37,36,44,44,44,20,20,20,,,,
675,554,634,77,76,94,638,521,581,FRA,France,Blois,Europe,20,22,,0.05,-0.09,,38,37,37,44,44,44,19,18,18,,,,
676,721,855,172,165,227,687,718,844,USA,United States,Gary IN,Americas,19,15,,0.9,0.27,349.96,41,39,40,47,47,46,22,21,22,,,,
677,609,599,15,15,15,600,550,535,CHE,Switzerland,Frauenfeld,Europe,21,21,,0,0,,44,43,42,52,52,51,22,21,20,,,,
678,530,501,78,67,64,665,516,483,FRA,France,Tarbes,Europe,19,22,,-0.14,-0.14,,34,33,35,40,40,41,15,16,16,,,,
679,648,644,173,141,130,688,634,624,USA,United States,Rohnert Park CA,Americas,19,18,,0.06,0.06,349.96,42,42,40,53,53,52,23,23,23,,,,
680,651,550,1,1,1,643,608,503,KWT,Kuwait,Kuwait City,Asia,20,19,,-0.09,0.05,,36,37,40,43,43,43,22,23,24,,,,
681,556,467,79,77,56,666,538,443,FRA,France,Colmar,Europe,19,21,,-0.17,-0.1,,37,38,37,45,45,45,17,17,17,,,,
682,766,779,24,32,30,693,771,787,ESP,Spain,Leon,Europe,18,13,,0.5,0.38,,32,32,33,37,37,37,15,14,13,,,,
683,660,619,70,66,63,700,659,619,ITA,Italy,Terni,Europe,18,17,,0,0.06,,28,28,29,35,35,35,18,18,18,,,,
684,719,762,8,8,8,614,675,706,IRL,Ireland,Mullingar,Europe,21,17,,0.4,0.24,,43,42,40,48,48,48,21,22,22,,,,
685,550,598,104,101,106,613,470,519,GBR,United Kingdom,Glenrothes,Europe,21,24,,0,-0.13,288.96,36,35,36,45,45,45,20,21,21,,,,
686,568,511,6,5,6,692,573,515,CZE,Czechia,Olomouc,Europe,18,20,,-0.14,-0.1,,39,40,38,47,47,47,21,21,21,,,,
687,717,751,174,163,175,598,647,666,USA,United States,Patchogue NY,Americas,22,18,,0.38,0.22,405.22,42,41,40,50,50,50,24,25,25,,,,
688,548,528,80,72,71,639,494,457,FRA,France,Dreux,Europe,20,23,,-0.13,-0.13,,40,40,39,47,47,47,18,17,17,,,,
689,725,754,175,167,176,760,761,798,USA,United States,Fort Wayne IN,Americas,16,13,,0.33,0.23,294.71,35,34,37,41,41,41,27,26,26,,,,
690,661,675,8,8,8,630,610,603,DNK,Denmark,Holbaek,Europe,20,19,,0.11,0.05,,43,43,42,49,49,49,22,21,21,,,,
691,633,731,176,133,164,761,683,770,USA,United States,Eugene OR,Americas,16,16,,0.23,0,294.71,35,33,35,42,42,41,20,18,18,,,,
692,764,817,177,185,205,656,724,776,USA,United States,Easton PA,Americas,20,15,,0.54,0.33,368.38,39,38,37,45,45,44,22,20,20,,,,
693,641,629,5,3,3,759,684,680,SWE,Sweden,Malmo,Europe,16,16,,0,0,,36,37,35,43,43,43,16,16,16,,,,
694,671,667,178,144,140,689,640,615,USA,United States,Winter Haven FL,Americas,19,18,,0.06,0.06,349.96,35,35,37,42,42,42,23,24,25,,,,
695,676,704,179,146,154,734,689,712,USA,United States,Santa Fe NM,Americas,17,16,,0.13,0.06,313.12,36,36,38,43,43,43,22,21,21,,,,
696,646,662,180,140,138,762,685,700,USA,United States,Spartanburg SC,Americas,16,16,,0.07,0,294.71,41,41,43,49,49,49,22,21,21,,,,
697,485,532,81,59,72,667,440,477,FRA,France,Cavaillon,Europe,19,25,,-0.14,-0.24,,39,38,39,45,45,46,22,21,21,,,,
698,742,790,181,176,192,782,798,833,USA,United States,Ogden UT,Americas,15,12,,0.5,0.25,276.29,39,38,39,45,45,45,28,28,28,,,,
699,565,510,82,80,67,640,496,417,FRA,France,Epernay,Europe,20,23,,-0.2,-0.13,,32,32,31,39,39,39,17,17,17,,,,
700,654,681,105,107,108,673,609,632,GBR,United Kingdom,Andover,Europe,19,19,,0.06,0,261.44,43,43,38,49,49,49,21,22,21,,,,
701,733,735,71,73,74,723,737,742,ITA,Italy,Sassari,Europe,17,14,,0.21,0.21,,29,29,29,35,35,35,22,22,22,,,,
702,739,840,182,173,219,763,763,859,USA,United States,Lynchburg VA,Americas,16,13,,0.6,0.23,294.71,42,40,41,47,47,47,24,22,22,,,,
703,681,777,7,7,9,677,642,743,NOR,Norway,Haugesund,Europe,19,18,,0.36,0.06,,30,29,30,36,36,36,22,21,21,,,,
704,683,638,72,70,64,701,666,612,ITA,Italy,Caltanissetta,Europe,18,17,,0,0.06,,30,30,31,38,38,38,19,19,19,,,,
705,598,479,106,105,98,641,526,386,GBR,United Kingdom,Barnstaple,Europe,20,22,,-0.23,-0.09,275.2,34,34,32,41,41,41,17,18,17,,,,
706,541,464,7,8,4,660,,459,CZE,Czechia,Hradec Kralove,Europe,19,23,,-0.17,-0.17,,29,29,29,37,37,37,19,20,20,,,,
707,735,676,73,74,70,724,738,679,ITA,Italy,Forli,Europe,17,14,,0.06,0.21,,35,36,32,42,42,42,21,22,22,,,,
708,853,807,183,227,201,783,872,848,USA,United States,Lansing MI,Americas,15,9,,0.5,0.67,276.29,39,39,40,44,44,44,22,23,23,,,,
709,544,545,83,71,74,668,493,480,FRA,France,Cambrai,Europe,19,23,,-0.14,-0.17,,38,38,37,45,45,45,19,19,19,,,,
710,696,706,5,4,4,833,794,809,SAU,Saudi Arabia,Jeddah,Asia,13,12,,0.08,0.08,,36,36,36,42,42,42,25,26,26,,,,
711,622,670,184,126,142,735,629,669,USA,United States,Everett WA,Americas,17,18,,0.06,-0.06,313.12,42,41,38,51,51,51,24,22,22,,,,
712,718,727,185,164,162,803,795,796,USA,United States,Memphis TN,Americas,14,12,,0.17,0.17,257.87,40,40,41,46,46,46,24,24,24,,,,
713,884,850,186,245,224,764,892,864,USA,United States,Macon GA,Americas,16,8,,0.78,1,294.71,39,40,42,44,44,44,27,27,27,,,,
714,691,699,3,3,3,750,715,728,FIN,Finland,Tampere,Europe,16,15,,0.07,0.07,,30,30,31,36,36,36,17,17,18,,,,
715,625,624,84,93,91,715,630,620,FRA,France,Troyes,Europe,17,18,,-0.06,-0.06,,36,36,35,41,41,41,15,15,15,,,,
716,593,551,85,84,75,716,598,563,FRA,France,Chalon-sur-Saone,Europe,17,19,,-0.15,-0.11,,37,37,38,44,44,45,19,19,19,,,,
717,708,759,187,159,179,736,716,755,USA,United States,Vacaville CA,Americas,17,15,,0.31,0.13,313.12,45,44,44,52,52,52,24,23,24,,,,
718,689,690,16,16,17,627,614,588,CHE,Switzerland,Monthey,Europe,20,19,,0.05,0.05,,39,39,40,47,47,47,18,19,19,,,,
719,663,673,86,98,100,669,611,597,FRA,France,Soissons,Europe,19,19,,0,0,,37,37,36,43,43,43,19,19,19,,,,
720,692,636,5,5,5,704,668,593,NZL,New Zealand,Nelson,Oceania,18,17,,-0.05,0.06,,29,30,29,36,36,36,16,17,17,,,,
721,664,623,12,13,13,740,688,656,AUS,Australia,Townsville,Oceania,16,16,,-0.06,0,,28,28,27,34,34,34,19,20,20,,,,
722,665,602,6,3,3,802,729,704,SAU,Saudi Arabia,Al Mubarraz,Asia,14,14,,-0.07,0,,36,36,40,41,41,40,19,21,21,,,,
723,713,804,188,162,199,765,734,821,USA,United States,Bend OR,Americas,16,14,,0.45,0.14,294.71,33,32,33,38,38,39,20,19,18,,,,
724,579,439,107,103,97,698,543,397,GBR,United Kingdom,Folkestone,Europe,18,21,,-0.28,-0.14,247.68,38,39,39,45,45,45,21,21,21,,,,
725,706,678,189,157,145,657,646,571,USA,United States,Stuart FL,Americas,20,18,,0.05,0.11,368.38,35,36,36,44,44,44,27,26,26,,,,
726,605,618,87,87,90,717,600,605,FRA,France,Quimper,Europe,17,19,,-0.06,-0.11,,35,35,35,43,43,43,18,18,18,,,,
727,785,703,190,194,153,766,808,719,USA,United States,Dover DE,Americas,16,12,,0.07,0.33,294.71,37,38,39,45,45,44,26,26,26,,,,
728,557,513,88,78,68,670,495,430,FRA,France,La Teste-de-Buch,Europe,19,23,,-0.21,-0.17,,31,31,31,40,40,40,18,19,19,,,,
729,697,622,191,152,124,737,691,607,USA,United States,New Braunfels TX,Americas,17,16,,-0.06,0.06,313.12,40,41,41,50,50,50,26,26,26,,,,
730,714,665,74,72,69,725,717,655,ITA,Italy,Grosseto,Europe,17,15,,0,0.13,,32,33,33,39,39,39,18,18,18,,,,
731,612,656,89,88,96,671,551,575,FRA,France,Vichy,Europe,19,21,,0,-0.1,,29,29,30,35,35,36,15,15,15,,,,
732,838,723,6,6,6,727,838,705,NZL,New Zealand,Palmerston North,Oceania,17,11,,0.13,0.55,,29,31,33,35,35,35,17,18,18,,,,
733,700,631,5,5,4,722,692,613,HUN,Hungary,Szombathely,Europe,17,16,,-0.06,0.06,,35,36,39,42,42,42,17,17,17,,,,
734,894,897,1,1,1,743,896,902,BHR,Bahrain,Manama,Asia,16,8,,1,1,,29,29,30,32,32,32,18,19,19,,,,
735,698,655,8,8,6,703,671,606,NOR,Norway,Tonsberg,Europe,18,17,,0,0.06,,32,33,33,38,38,39,21,19,19,,,,
736,789,710,6,8,6,755,809,721,HUN,Hungary,Miskolc,Europe,16,12,,0.07,0.33,,39,40,42,46,46,46,18,19,19,,,,
737,768,789,25,33,32,775,804,819,ESP,Spain,Cordoba,Europe,15,12,,0.36,0.25,,39,38,40,43,43,43,21,22,22,,,,
738,777,798,192,190,197,804,826,847,USA,United States,Dayton OH,Americas,14,11,,0.4,0.27,257.87,42,41,42,47,47,47,22,21,21,,,,
739,796,875,193,200,244,690,753,846,USA,United States,Portsmouth NH,Americas,19,14,,0.9,0.36,349.96,46,44,43,51,51,50,23,22,22,,,,
740,774,821,194,188,208,658,702,750,USA,United States,Derby CT,Americas,20,16,,0.43,0.25,368.38,40,39,37,47,47,46,21,21,20,,,,
741,682,692,90,103,102,718,665,671,FRA,France,Saint-Brieuc,Europe,17,17,,0.06,0,,38,38,36,45,45,46,19,19,19,,,,
742,650,674,26,18,18,789,711,738,ESP,Spain,Zaragoza,Europe,14,15,,0,-0.07,,32,32,33,37,37,37,13,13,13,,,,
743,685,671,195,148,143,805,730,734,USA,United States,Madison WI,Americas,14,14,,0,0,257.87,37,37,38,44,44,44,22,22,22,,,,
744,816,858,196,210,229,806,849,888,USA,United States,Wichita KS,Americas,14,10,,0.75,0.4,257.87,43,42,40,48,48,47,19,18,18,,,,
745,732,766,197,169,182,738,721,748,USA,United States,Meriden CT,Americas,17,15,,0.21,0.13,313.12,41,40,39,48,48,48,22,21,21,,,,
746,747,745,198,179,172,807,799,804,USA,United States,Provo UT,Americas,14,12,,0.17,0.17,257.87,34,33,37,40,40,40,21,22,22,,,,
747,687,687,2,2,2,705,644,629,QAT,Qatar,Al Khor,Asia,18,18,,0,0,,42,42,46,47,47,47,22,23,24,,,,
748,688,600,9,9,9,728,667,573,PRT,Portugal,Evora,Europe,17,17,,-0.11,0,,35,36,37,42,42,43,19,20,21,,,,
749,773,756,199,187,177,767,773,756,USA,United States,Antioch CA,Americas,16,13,,0.23,0.23,294.71,45,45,42,53,53,53,23,24,24,,,,
750,767,736,9,9,7,726,748,711,NOR,Norway,Skien,Europe,17,14,,0.13,0.21,,30,30,30,36,36,36,21,22,22,,,,
751,599,604,91,86,84,751,599,604,FRA,France,Poitiers,Europe,16,19,,-0.11,-0.16,,35,35,36,41,41,41,17,16,15,,,,
752,573,468,8,6,5,747,575,468,CZE,Czechia,Ceske Budejovice,Europe,16,20,,-0.3,-0.2,,30,29,31,39,39,39,17,17,19,,,,
753,694,708,200,151,156,711,645,645,USA,United States,Athens AL,Americas,18,18,,0.06,0,331.54,41,41,44,50,50,50,26,25,25,,,,
754,662,732,27,19,24,776,687,754,ESP,Spain,Pamplona,Europe,15,16,,0.15,-0.06,,37,36,38,41,41,42,20,21,20,,,,
755,668,583,92,99,81,694,612,514,FRA,France,Aurillac,Europe,18,19,,-0.14,-0.05,,30,30,33,37,37,37,19,20,20,,,,
756,616,668,93,91,99,672,528,560,FRA,France,Vesoul,Europe,19,22,,-0.05,-0.14,,39,38,39,44,44,45,21,21,21,,,,
757,553,497,94,75,62,719,520,449,FRA,France,Carcassonne,Europe,17,22,,-0.26,-0.23,,41,42,43,49,49,50,23,23,23,,,,
758,749,788,201,180,191,768,743,786,USA,United States,Fall River MA,Americas,16,14,,0.33,0.14,294.71,41,40,38,49,49,48,21,22,21,,,,
759,759,688,202,182,149,808,801,736,USA,United States,Vallejo CA,Americas,14,12,,0,0.17,257.87,43,44,42,51,51,50,23,23,23,,,,
760,672,580,95,100,79,695,613,506,FRA,France,Cholet,Europe,18,19,,-0.18,-0.05,,39,39,40,45,45,46,18,19,19,,,,
761,615,611,96,90,87,696,552,539,FRA,France,Rochefort,Europe,18,21,,-0.14,-0.14,,40,40,39,46,46,46,21,20,20,,,,
762,856,848,203,230,223,739,843,818,USA,United States,Egg Harbor Township NJ,Americas,17,11,,0.55,0.55,313.12,41,41,41,47,47,46,24,24,24,,,,
763,761,820,204,184,207,809,803,851,USA,United States,Shreveport LA,Americas,14,12,,0.4,0.17,257.87,37,36,37,41,41,42,27,26,27,,,,
764,756,693,28,28,19,748,745,678,ESP,Spain,Manresa,Europe,16,14,,0,0.14,,41,42,42,46,46,46,22,22,21,,,,
765,673,720,97,101,106,752,661,699,FRA,France,Beziers,Europe,16,17,,0.07,-0.06,,39,38,37,45,45,45,22,22,22,,,,
766,720,709,29,22,21,714,698,662,ESP,Spain,Blanes,Europe,17,16,,0,0.06,,39,39,39,43,43,43,15,16,15,,,,
767,644,530,13,12,12,771,657,559,AUS,Australia,Cairns,Oceania,15,17,,-0.25,-0.12,,26,27,28,33,33,34,18,19,20,,,,
768,680,625,98,102,92,753,664,599,FRA,France,Saint-Nazaire,Europe,16,17,,-0.11,-0.06,,35,35,34,43,43,43,18,19,19,,,,
769,722,691,99,107,101,697,676,600,FRA,France,Challans,Europe,18,17,,0,0.06,,36,36,35,42,42,42,19,20,19,,,,
770,684,721,108,108,109,721,643,663,GBR,United Kingdom,Irvine,Europe,17,18,,0.06,-0.06,233.92,38,37,37,44,44,44,23,24,24,,,,
771,846,886,7,7,9,834,868,910,SAU,Saudi Arabia,Abha,Asia,13,9,,0.86,0.44,,38,37,37,41,41,40,30,30,30,,,,
772,731,677,12,11,10,741,720,653,AUT,Austria,Wels,Europe,16,15,,-0.06,0.07,,39,40,39,46,46,45,18,18,18,,,,
773,763,839,30,31,43,749,746,820,ESP,Spain,Avila,Europe,16,14,,0.45,0.14,,40,40,41,44,44,44,18,17,18,,,,
774,901,846,205,256,221,810,905,863,USA,United States,Waco TX,Americas,14,7,,0.4,1,257.87,38,39,41,43,43,43,26,26,26,,,,
775,705,725,17,17,18,659,615,601,CHE,Switzerland,Payerne,Europe,19,19,,0.06,0,,45,45,44,51,51,51,22,22,22,,,,
776,765,719,13,13,12,742,747,685,AUT,Austria,Sankt Polten,Europe,16,14,,0,0.14,,44,45,42,50,50,49,20,20,20,,,,
777,811,818,206,206,206,712,755,753,USA,United States,New Port Richey FL,Americas,18,14,,0.38,0.29,331.54,39,38,38,46,46,45,27,27,27,,,,
778,740,791,207,174,193,811,764,815,USA,United States,Tuscaloosa AL,Americas,14,13,,0.27,0.08,257.87,39,38,40,45,45,45,27,26,27,,,,
779,738,752,10,10,10,758,722,733,PRT,Portugal,Montijo,Europe,16,15,,0.14,0.07,,51,50,42,56,56,55,23,23,23,,,,
780,872,869,208,237,238,812,876,881,USA,United States,Las Cruces NM,Americas,14,9,,0.56,0.56,257.87,38,38,39,43,43,43,23,22,22,,,,
781,833,832,209,220,215,784,836,827,USA,United States,New Bedford MA,Americas,15,11,,0.36,0.36,276.29,38,38,37,44,44,43,19,19,19,,,,
782,808,767,9,10,9,772,816,759,CZE,Czechia,Usti nad Labem,Europe,15,12,,0.15,0.25,,40,40,37,44,44,44,20,20,19,,,,
783,783,823,210,193,209,813,807,834,USA,United States,Augusta GA,Americas,14,12,,0.4,0.17,257.87,42,41,41,48,48,48,26,24,24,,,,
784,892,910,10,10,10,756,887,900,NOR,Norway,Arendal,Europe,16,9,,1,0.78,,37,37,35,40,40,40,21,21,21,,,,
785,712,689,18,18,16,745,695,646,CHE,Switzerland,Thun,Europe,16,16,,-0.06,0,,44,44,40,50,50,49,21,21,20,,,,
786,835,834,31,45,42,777,837,826,ESP,Spain,Toledo,Europe,15,11,,0.36,0.36,,43,43,43,48,48,48,38,37,36,,,,
787,652,555,100,95,76,754,607,512,FRA,France,Saintes,Europe,16,19,,-0.24,-0.16,,40,40,41,46,46,46,21,21,21,,,,
788,825,824,211,215,210,835,850,857,USA,United States,Salinas CA,Americas,13,10,,0.3,0.3,239.45,42,42,41,48,48,47,22,22,22,,,,
789,760,760,212,183,180,836,802,806,USA,United States,Mobile AL,Americas,13,12,,0.08,0.08,239.45,41,41,40,47,47,47,26,26,27,,,,
790,813,775,213,207,184,785,817,757,USA,United States,Hammond IN,Americas,15,12,,0.15,0.25,276.29,38,39,36,45,45,44,23,23,24,,,,
791,723,686,72,73,73,773,719,665,DEU,Germany,Bayreuth,Europe,15,15,,-0.06,0,205.65,44,44,40,51,51,51,19,19,18,,,,
792,727,730,19,19,19,746,699,690,CHE,Switzerland,Schaffhausen,Europe,16,16,,0,0,,47,47,41,53,53,52,20,20,20,,,,
793,638,666,101,94,98,720,553,566,FRA,France,Lons-le-Saunier,Europe,17,21,,-0.15,-0.19,,37,37,37,42,42,43,19,19,19,,,,
794,864,826,214,234,212,837,875,849,USA,United States,Rockford IL,Americas,13,9,,0.3,0.44,239.45,39,39,40,44,44,44,26,26,25,,,,
795,762,833,32,30,41,790,770,832,ESP,Spain,Tarragona,Europe,14,13,,0.4,0.08,,42,41,42,46,46,46,16,16,16,,,,
796,658,616,102,97,89,778,637,580,FRA,France,Montauban,Europe,15,18,,-0.21,-0.17,,40,41,38,46,46,46,17,18,18,,,,
797,790,774,9,10,10,774,781,752,DNK,Denmark,Kolding,Europe,15,13,,0.15,0.15,,42,42,40,47,47,47,20,20,20,,,,
798,788,806,215,196,200,769,751,761,USA,United States,North Chicago IL,Americas,16,14,,0.23,0.14,294.71,39,38,38,45,45,44,23,23,24,,,,
799,737,780,216,172,186,814,740,785,USA,United States,Fairfield CA,Americas,14,14,,0.17,0,257.87,44,43,42,51,51,51,24,23,23,,,,
800,818,836,217,211,217,770,787,800,USA,United States,New London CT,Americas,16,13,,0.33,0.23,294.71,40,39,40,46,46,46,23,22,22,,,,
801,849,829,218,225,214,853,870,870,USA,United States,Greensboro NC,Americas,12,9,,0.33,0.33,221.03,42,42,43,47,47,47,27,27,27,,,,
802,775,782,219,189,188,815,774,784,USA,United States,Waterbury CT,Americas,14,13,,0.17,0.08,257.87,39,39,38,46,46,45,22,23,23,,,,
803,836,870,220,221,239,838,856,884,USA,United States,Kalamazoo MI,Americas,13,10,,0.44,0.3,239.45,41,40,40,46,46,45,26,26,26,,,,
804,769,764,1,1,1,757,725,717,OMN,Oman,Muscat,Asia,16,15,,0.07,0.07,,39,40,39,46,46,46,21,22,22,,,,
805,778,741,221,191,169,839,805,771,USA,United States,Winston-Salem NC,Americas,13,12,,0,0.08,239.45,43,43,43,50,50,49,25,25,25,,,,
806,803,843,33,38,45,791,815,838,ESP,Spain,Santiago de Compostela,Europe,14,12,,0.4,0.17,,41,40,40,44,44,45,20,20,20,,,,
807,743,768,11,11,11,800,741,764,PRT,Portugal,Viseu,Europe,14,14,,0.08,0,,40,40,39,45,45,45,21,21,21,,,,
808,844,835,222,223,216,840,858,850,USA,United States,Kennewick-Pasco-Richland WA,Americas,13,10,,0.3,0.3,239.45,35,35,38,40,40,40,25,25,25,,,,
809,750,815,34,24,38,820,765,830,ESP,Spain,Cartagena,Europe,13,13,,0.18,0,,40,39,40,44,44,44,18,18,17,,,,
810,888,905,223,247,262,841,894,908,USA,United States,Racine WI,Americas,13,8,,0.86,0.63,239.45,36,36,36,40,40,39,25,25,25,,,,
811,754,771,35,26,27,821,767,792,ESP,Spain,San Sebastian,Europe,13,13,,0.08,0,,39,39,39,44,44,44,20,20,20,,,,
812,755,773,36,27,29,792,744,758,ESP,Spain,Aviles,Europe,14,14,,0.08,0,,38,37,37,43,43,43,20,18,17,,,,
813,730,786,109,109,110,674,584,648,GBR,United Kingdom,Deganwy,Europe,19,20,,0.12,-0.05,261.44,41,40,40,46,46,46,24,24,23,,,,
814,675,657,73,72,71,788,663,644,DEU,Germany,Marburg,Europe,14,17,,-0.18,-0.18,191.94,43,44,41,49,49,49,20,19,19,,,,
815,784,778,103,111,113,795,778,763,FRA,France,Boulogne-sur-Mer,Europe,14,13,,0.08,0.08,,39,39,36,44,44,44,19,18,18,,,,
816,758,772,37,29,28,822,769,789,ESP,Spain,Santander,Europe,13,13,,0.08,0,,41,40,40,46,46,46,20,21,21,,,,
817,702,718,224,155,160,786,673,660,USA,United States,Dana Point CA,Americas,15,17,,-0.12,-0.12,276.29,44,44,41,55,55,55,24,23,24,,,,
818,787,811,38,36,37,793,780,802,ESP,Spain,La Hidalga,Europe,14,13,,0.17,0.08,,51,50,47,55,55,56,20,21,19,,,,
819,820,847,225,212,222,842,833,853,USA,United States,Lancaster CA,Americas,13,11,,0.3,0.18,239.45,44,44,41,51,51,50,28,29,29,,,,
820,869,867,226,236,236,787,846,837,USA,United States,Rochester NH,Americas,15,11,,0.5,0.36,276.29,42,41,42,46,46,46,24,24,24,,,,
821,821,861,39,42,47,823,834,866,ESP,Spain,Logrono,Europe,13,11,,0.44,0.18,,43,42,41,47,47,47,22,23,23,,,,
822,728,757,40,23,25,824,736,765,ESP,Spain,Badajoz,Europe,13,14,,0,-0.07,,36,35,39,40,40,40,18,16,16,,,,
823,827,892,227,217,253,854,852,906,USA,United States,Canton OH,Americas,12,10,,0.71,0.2,221.03,40,39,40,44,44,44,25,23,23,,,,
824,794,825,228,199,211,855,827,854,USA,United States,Montgomery AL,Americas,12,11,,0.2,0.09,221.03,41,40,41,47,47,46,26,26,26,,,,
825,845,812,75,76,76,781,822,768,ITA,Italy,Gioia del Colle,Europe,15,12,,0.15,0.25,,40,41,40,46,46,46,24,24,23,,,,
826,710,701,104,104,104,796,694,661,FRA,France,Roanne,Europe,14,16,,-0.18,-0.13,,40,40,39,46,46,47,18,19,19,,,,
827,810,742,229,205,170,856,832,774,USA,United States,College Station TX,Americas,12,11,,-0.08,0.09,221.03,34,35,39,42,42,42,29,29,29,,,,
828,779,769,9,9,9,846,776,762,ZAF,South Africa,Vanderbijlpark,Africa,13,13,,0,0,,36,36,35,42,42,42,22,23,23,,,,
829,802,809,41,37,36,794,783,782,ESP,Spain,La Orotava,Europe,14,13,,0.17,0.08,,41,41,35,46,46,45,19,18,18,,,,
830,753,733,105,109,108,779,701,670,FRA,France,Lannion,Europe,15,16,,-0.06,-0.06,,35,35,36,41,41,42,19,18,18,,,,
831,657,633,106,96,93,780,582,544,FRA,France,Lisieux,Europe,15,20,,-0.25,-0.25,,40,40,40,45,45,45,20,19,19,,,,
832,752,712,107,108,105,797,723,664,FRA,France,Alencon,Europe,14,15,,-0.13,-0.07,,36,37,37,41,41,42,16,16,16,,,,
833,715,755,108,106,111,798,697,727,FRA,France,Chalons-sur-Marne,Europe,14,16,,-0.07,-0.13,,43,43,42,48,48,49,16,16,16,,,,
834,815,799,230,209,198,869,848,843,USA,United States,Toledo OH,Americas,11,10,,0.1,0.1,202.61,38,38,40,43,43,43,26,25,25,,,,
835,878,874,231,241,243,816,866,852,USA,United States,Petersburg VA,Americas,14,10,,0.4,0.4,257.87,41,41,43,46,46,46,26,27,27,,,,
836,871,912,7,8,9,832,864,905,NZL,New Zealand,Napier,Oceania,13,10,,0.86,0.3,,34,33,33,38,38,38,20,20,20,,,,
837,847,813,232,224,203,843,841,803,USA,United States,Schenectady NY,Americas,13,11,,0.08,0.18,239.45,34,34,34,40,40,40,21,22,22,,,,
838,824,795,42,43,34,825,819,775,ESP,Spain,Huesca,Europe,13,12,,0,0.08,,44,44,45,47,47,47,20,20,20,,,,
839,822,838,233,213,218,817,789,797,USA,United States,Peekskill NY,Americas,14,13,,0.17,0.08,257.87,38,38,37,44,44,44,22,22,22,,,,
840,770,743,10,9,9,819,749,725,DNK,Denmark,Roskilde,Europe,13,14,,-0.13,-0.07,,45,46,39,52,52,51,18,17,17,,,,
841,795,801,10,9,10,818,782,780,CZE,Czechia,Karlovy Vary,Europe,13,13,,0.08,0,,39,39,38,43,43,43,18,19,19,,,,
842,831,851,234,219,225,870,854,873,USA,United States,Lincoln NE,Americas,11,10,,0.22,0.1,202.61,33,32,33,37,37,36,27,26,26,,,,
843,854,932,235,228,278,844,842,930,USA,United States,Bountiful UT,Americas,13,11,,1.6,0.18,239.45,48,47,43,55,55,54,21,20,19,,,,
844,832,765,43,44,26,860,855,805,ESP,Spain,Valladolid,Europe,11,10,,-0.08,0.1,,33,34,36,37,37,37,23,22,22,,,,
845,716,728,109,105,107,827,696,683,FRA,France,Saint-Lo,Europe,13,16,,-0.19,-0.19,,45,45,42,50,50,51,23,23,22,,,,
846,806,758,236,204,178,871,830,788,USA,United States,Erie PA,Americas,11,11,,-0.08,0,202.61,32,33,34,38,38,38,23,23,23,,,,
847,807,816,44,39,39,861,831,836,ESP,Spain,Gijon,Europe,11,11,,0.1,0,,35,34,37,38,38,38,16,16,16,,,,
848,879,885,8,9,8,851,880,885,NZL,New Zealand,Hastings,Oceania,12,9,,0.33,0.33,,32,32,32,36,36,36,23,22,22,,,,
849,809,761,110,117,112,799,754,698,FRA,France,Verdun,Europe,14,14,,-0.07,0,,35,35,35,39,39,39,18,18,18,,,,
850,840,913,237,222,264,872,857,915,USA,United States,Fargo ND,Americas,11,10,,0.57,0.1,202.61,35,33,36,39,39,39,23,22,21,,,,
851,812,802,76,75,75,831,786,767,ITA,Italy,Lucera,Europe,13,13,,0,0,,36,36,36,43,43,43,23,24,24,,,,
852,819,849,45,41,46,826,788,810,ESP,Spain,Almazora,Europe,13,13,,0.08,0,,36,36,37,40,40,40,18,19,18,,,,
853,791,753,111,112,110,828,752,703,FRA,France,Sens,Europe,13,14,,-0.13,-0.07,,40,40,40,44,44,45,22,21,21,,,,
854,886,887,238,246,250,857,883,875,USA,United States,Elyria OH,Americas,12,9,,0.33,0.33,221.03,40,40,40,45,45,44,25,24,25,,,,
855,903,911,12,12,12,852,901,904,PRT,Portugal,Caldas da Rainha,Europe,12,8,,0.5,0.5,,50,50,49,53,53,53,21,21,21,,,,
856,855,865,239,229,235,873,859,871,USA,United States,Farmington NM,Americas,11,10,,0.22,0.1,202.61,36,35,37,41,41,40,25,25,26,,,,
857,898,901,240,254,259,888,904,912,USA,United States,Peoria IL,Americas,10,7,,0.43,0.43,184.19,41,40,42,44,44,44,28,27,27,,,,
858,851,890,3,3,3,801,793,841,QAT,Qatar,Mesaieed,Asia,14,13,,0.4,0.08,,39,38,40,43,43,43,26,25,26,,,,
859,828,785,241,218,190,874,835,790,USA,United States,Cleveland TN,Americas,11,11,,-0.08,0,202.61,38,38,39,44,44,44,26,24,25,,,,
860,780,746,112,110,109,829,726,684,FRA,France,Fougeres,Europe,13,15,,-0.19,-0.13,,38,39,37,44,44,44,20,20,20,,,,
861,866,895,8,9,10,895,889,916,SAU,Saudi Arabia,Mecca,Asia,9,8,,0.29,0.13,,41,41,40,44,44,44,20,21,21,,,,
862,909,934,242,262,280,875,909,934,USA,United States,Williamsport PA,Americas,11,7,,1.2,0.57,202.61,43,41,43,45,45,45,26,24,24,,,,
863,911,903,243,263,261,876,911,901,USA,United States,Kenosha WI,Americas,11,7,,0.38,0.57,202.61,39,39,40,43,43,43,21,21,21,,,,
864,862,841,46,46,44,862,862,835,ESP,Spain,Lugo,Europe,11,10,,0.1,0.1,,39,39,39,42,42,42,23,24,23,,,,
865,863,880,11,11,11,849,845,862,DNK,Denmark,Slagelse,Europe,12,11,,0.2,0.09,,45,45,42,49,49,49,20,19,19,,,,
866,841,853,20,21,21,847,821,813,CHE,Switzerland,Sion,Europe,12,12,,0.09,0,,45,45,38,51,51,51,24,23,23,,,,
867,842,854,113,121,121,864,839,840,FRA,France,Calais,Europe,11,11,,0.1,0,,47,46,45,50,50,50,21,22,18,,,,
868,873,889,244,238,252,889,877,899,USA,United States,Saginaw MI,Americas,10,9,,0.25,0.11,184.19,37,36,39,41,41,41,26,24,24,,,,
869,814,852,245,208,226,896,847,882,USA,United States,Des Moines IA,Americas,9,10,,0,-0.1,165.77,38,37,38,42,42,42,24,22,23,,,,
870,902,871,246,257,240,877,900,860,USA,United States,Carson City NV,Americas,11,8,,0.1,0.38,202.61,39,40,42,45,45,45,21,22,22,,,,
871,875,907,47,48,49,863,865,894,ESP,Spain,Torrelavega,Europe,11,10,,0.38,0.1,,47,46,41,51,51,50,15,15,15,,,,
872,895,860,247,252,231,890,897,867,USA,United States,Bangor ME,Americas,10,8,,0.11,0.25,184.19,38,38,38,43,43,43,25,25,25,,,,
873,890,873,248,249,242,878,886,858,USA,United States,Fort Pierce FL,Americas,11,9,,0.1,0.22,202.61,38,39,38,44,44,43,27,26,26,,,,
874,920,918,249,272,268,891,921,920,USA,United States,San Angelo TX,Americas,10,6,,0.67,0.67,184.19,40,40,41,44,44,44,26,25,24,,,,
875,804,800,114,115,114,865,784,769,FRA,France,Chatellerault,Europe,11,13,,-0.15,-0.15,,39,39,39,43,43,44,19,20,20,,,,
876,805,819,115,116,117,866,785,794,FRA,France,Pontivy,Europe,11,13,,-0.08,-0.15,,45,45,44,49,49,49,20,21,20,,,,
877,797,822,116,113,118,883,812,822,FRA,France,Montbeliard,Europe,10,12,,-0.09,-0.17,,43,43,41,48,48,48,21,21,21,,,,
878,923,940,250,273,286,897,929,941,USA,United States,Flint MI,Americas,9,5,,2,0.8,165.77,47,46,44,49,49,49,27,27,28,,,,
879,859,738,251,233,167,898,874,781,USA,United States,Beaumont TX,Americas,9,9,,-0.25,0,165.77,40,41,44,45,45,45,24,24,24,,,,
880,834,810,21,20,20,848,792,745,CHE,Switzerland,Sierre,Europe,12,13,,-0.14,-0.08,,37,37,37,42,42,42,21,22,22,,,,
881,860,856,9,7,7,887,860,855,NZL,New Zealand,Dunedin,Oceania,10,10,,0,0,,29,29,28,34,34,34,18,18,17,,,,
882,801,830,117,114,120,884,814,825,FRA,France,Angouleme,Europe,10,12,,-0.09,-0.17,,36,36,35,41,41,41,19,19,19,,,,
883,891,879,252,250,246,858,867,839,USA,United States,Williamsburg VA,Americas,12,10,,0.2,0.2,221.03,42,42,43,47,47,47,26,27,27,,,,
884,877,906,118,123,123,830,825,856,FRA,France,Guingamp,Europe,13,12,,0.3,0.08,,46,45,43,50,50,50,20,20,18,,,,
885,865,902,253,235,260,859,823,868,USA,United States,Auburn CA,Americas,12,12,,0.33,0,221.03,48,46,44,53,53,53,24,25,26,,,,
886,880,859,254,242,230,899,890,877,USA,United States,South Bend IN,Americas,9,8,,0,0.13,165.77,34,35,35,38,38,38,24,23,23,,,,
887,837,827,119,119,119,867,820,793,FRA,France,Epinal,Europe,11,12,,-0.08,-0.08,,40,40,39,44,44,45,25,25,25,,,,
888,913,924,255,265,272,900,914,927,USA,United States,Green Bay WI,Americas,9,6,,0.8,0.5,165.77,45,44,43,48,48,47,25,25,25,,,,
889,930,928,256,279,275,879,927,923,USA,United States,Bristol TN,Americas,11,6,,0.83,0.83,202.61,37,37,39,40,40,40,24,23,23,,,,
890,843,803,120,122,115,885,840,799,FRA,France,Chateauroux,Europe,10,11,,-0.17,-0.09,,36,37,37,40,40,41,17,18,18,,,,
891,882,896,257,244,256,892,881,890,USA,United States,Lodi CA,Americas,10,9,,0.25,0.11,184.19,45,45,42,50,50,50,24,24,24,,,,
892,817,794,48,40,33,881,818,778,ESP,Spain,Ferrol,Europe,10,12,,-0.17,-0.17,,37,38,37,43,43,43,24,24,25,,,,
893,907,877,258,260,245,901,907,893,USA,United States,Springfield IL,Americas,9,7,,0.13,0.29,165.77,40,40,41,44,44,44,25,25,25,,,,
894,887,891,49,50,48,882,884,880,ESP,Spain,Segovia,Europe,10,9,,0.11,0.11,,42,42,40,45,45,45,22,21,19,,,,
895,899,894,259,255,255,880,888,861,USA,United States,Cocoa FL,Americas,11,9,,0.1,0.22,202.61,42,42,42,47,47,47,26,26,27,,,,
896,906,883,260,259,248,893,903,874,USA,United States,Texas City TX,Americas,10,8,,0.11,0.25,184.19,45,46,43,51,51,51,28,27,27,,,,
897,850,866,9,8,7,908,871,896,SAU,Saudi Arabia,Nakhab,Asia,8,9,,0,-0.11,,33,32,33,36,36,36,20,20,20,,,,
898,934,882,261,283,247,902,935,887,USA,United States,High Point NC,Americas,9,5,,0.13,0.8,165.77,38,39,41,42,42,42,25,26,27,,,,
899,925,863,262,274,233,909,930,883,USA,United States,Lubbock TX,Americas,8,5,,-0.11,0.6,147.35,37,39,41,42,42,42,27,27,27,,,,
900,916,917,263,268,267,910,917,921,USA,United States,Amarillo TX,Americas,8,6,,0.33,0.33,147.35,39,39,39,43,43,42,27,27,28,,,,
901,904,872,264,258,241,911,906,889,USA,United States,Binghamton NY,Americas,8,7,,0,0.14,147.35,36,37,39,41,41,41,22,24,24,,,,
902,829,805,121,118,116,886,791,751,FRA,France,Moulins,Europe,10,13,,-0.23,-0.23,,36,36,39,41,41,41,17,18,18,,,,
903,885,881,5,5,5,904,893,897,ARE,United Arab Emirates,Fujairah,Asia,8,8,,0,0,,37,37,38,40,40,40,24,23,23,,,,
904,839,876,122,120,122,868,756,812,FRA,France,Homecourt,Europe,11,14,,0,-0.21,,48,47,44,51,51,52,29,29,29,,,,
905,889,893,265,248,254,903,885,879,USA,United States,Niagara Falls NY,Americas,9,9,,0,0,165.77,36,36,40,40,40,40,26,25,26,,,,
906,852,862,266,226,232,845,703,709,USA,United States,Delmar DE,Americas,13,16,,-0.13,-0.19,239.45,41,41,43,48,48,48,33,33,33,,,,
907,893,857,267,251,228,912,895,865,USA,United States,Odessa TX,Americas,8,8,,-0.11,0,147.35,41,42,44,47,47,47,27,28,29,,,,
908,792,714,268,197,158,913,810,720,USA,United States,Wheeling WV,Americas,8,12,,-0.47,-0.33,147.35,36,37,41,42,42,43,24,25,25,,,,
909,861,919,15,15,15,907,861,919,MEX,Mexico,Tula,Americas,8,10,,0.33,-0.2,,21,20,20,22,22,22,17,19,19,,,,
910,896,909,50,51,50,906,898,907,ESP,Spain,Caceres,Europe,8,8,,0.14,0,,40,40,41,43,43,44,21,20,20,,,,
911,897,899,269,253,257,914,899,895,USA,United States,Parkersburg WV,Americas,8,8,,0,0,147.35,32,32,35,35,35,35,24,24,25,,,,
912,868,922,110,110,111,850,727,876,GBR,United Kingdom,Pentir,Europe,12,15,,0.33,-0.2,165.12,43,42,40,46,46,46,25,25,25,,,,
913,938,925,270,287,273,918,939,932,USA,United States,Brownsville TX,Americas,7,4,,0.4,0.75,128.93,41,41,37,44,44,43,19,19,19,,,,
914,900,878,10,10,8,926,913,913,SAU,Saudi Arabia,Medina,Asia,6,6,,-0.14,0,,38,38,39,41,41,41,23,23,23,,,,
915,912,900,271,264,258,915,912,892,USA,United States,Oxford MS,Americas,8,7,,0,0.14,147.35,36,36,38,42,42,42,34,32,31,,,,
916,936,929,272,285,276,916,937,926,USA,United States,Delano CA,Americas,8,5,,0.6,0.6,147.35,46,46,48,51,51,50,30,28,28,,,,
917,905,898,14,14,14,905,902,886,AUS,Australia,Albury,Oceania,8,8,,0,0,,43,43,42,47,47,47,23,23,23,,,,
918,867,837,19,19,19,894,824,772,NLD,Netherlands,Middelburg,Europe,9,12,,-0.31,-0.25,,51,51,44,57,57,57,18,19,21,,,,
919,932,927,273,281,274,919,933,931,USA,United States,Pueblo CO,Americas,7,5,,0.4,0.4,128.93,43,43,43,46,46,46,24,23,23,,,,
920,919,931,274,271,277,920,920,933,USA,United States,Sherman TX,Americas,7,6,,0.4,0.17,128.93,52,50,51,55,55,55,25,24,23,,,,
921,908,916,275,261,266,921,908,918,USA,United States,Topeka KS,Americas,7,7,,0.17,0,128.93,40,40,42,44,44,44,29,29,28,,,,
922,921,904,10,10,10,923,922,898,ZAF,South Africa,Welkom,Africa,7,6,,-0.13,0.17,,36,37,37,41,41,41,29,29,29,,,,
923,883,914,51,49,51,917,882,909,ESP,Spain,Arrecife,Europe,7,9,,0,-0.22,,38,37,35,42,42,42,18,18,20,,,,
924,927,937,276,276,283,927,931,938,USA,United States,Utica NY,Americas,6,5,,0.5,0.2,110.51,40,40,40,43,43,43,22,21,20,,,,
925,915,923,277,267,271,928,916,925,USA,United States,Atlantic City NJ,Americas,6,6,,0.2,0,110.51,49,48,43,52,52,51,18,17,17,,,,
926,929,936,278,278,282,922,926,929,USA,United States,Troy AL,Americas,7,6,,0.4,0.17,128.93,41,41,43,45,45,45,23,25,25,,,,
927,917,915,279,269,265,929,918,917,USA,United States,Texarkana TX,Americas,6,6,,0,0,110.51,45,45,45,49,49,49,28,28,28,,,,
928,918,920,280,270,269,930,919,922,USA,United States,Rocky Mount NC,Americas,6,6,,0,0,110.51,44,44,47,47,47,47,30,29,29,,,,
929,910,230,111,111,61,925,910,205,GBR,United Kingdom,Mansfield,Europe,6,7,,-0.83,-0.14,82.56,0,0,33,0,0,43,19,18,18,,,,
930,935,939,281,284,285,931,936,939,USA,United States,Pine Bluff AR,Americas,6,5,,0.5,0.2,110.51,45,44,45,48,48,47,32,32,32,,,,
931,922,930,11,11,11,933,928,936,SAU,Saudi Arabia,Tabuk,Asia,5,5,,0.25,0,,31,31,33,33,33,33,21,22,23,,,,
932,924,926,52,52,52,924,923,924,ESP,Spain,Soria,Europe,6,6,,0.2,0,,40,40,42,42,42,42,33,33,32,,,,
933,926,935,282,275,281,932,924,928,USA,United States,Beloit WI,Americas,6,6,,0.2,0,110.51,41,41,42,44,44,43,26,25,24,,,,
934,914,943,283,266,289,934,915,944,USA,United States,Cedar Rapids IA,Americas,5,6,,1.5,-0.17,92.1,44,43,44,46,46,46,24,24,25,,,,
935,931,933,284,280,279,935,932,935,USA,United States,Abilene TX,Americas,5,5,,0,0,92.1,42,41,45,45,45,45,27,27,28,,,,
936,933,941,285,282,287,936,934,940,USA,United States,Wichita Falls TX,Americas,5,5,,0.25,0,92.1,46,45,45,49,49,48,27,27,28,,,,
937,939,938,286,288,284,937,940,937,USA,United States,Lufkin TX,Americas,5,4,,0.25,0.25,92.1,45,45,44,48,48,47,33,32,31,,,,
938,937,942,287,286,288,938,938,942,USA,United States,Youngstown OH,Americas,4,4,,0.33,0,73.68,40,40,40,41,41,41,24,23,22,,,,
939,940,944,288,289,290,939,941,943,USA,United States,Harlingen TX,Americas,3,3,,0.5,0,55.26,49,48,46,50,50,50,26,27,27,,,,
940,928,921,289,277,270,940,925,914,USA,United States,Butte MT,Americas,2,6,,-0.71,-0.67,36.84,32,32,37,36,36,36,21,21,21,,,,
941,941,945,290,290,291,941,942,945,USA,United States,Cumberland MD,Americas,1,1,,0,0,18.42,43,43,41,44,44,44,24,24,25,,,,
